link,page,scraped_at,summary,timestamp,title
https://www.merdeka.com/trending/mencegah-infeksi-covid-19-di-masa-persalinan-pada-janin.html,1.0,2020-11-22 21:26:04.141189,"Semua wanita hamil dan bayinya, termasuk mereka yang terkonfirmasi atau diduga terinfeksi Covid-19. Mereka memiliki hak atas perawatan berkualitas tinggi. Baik sebelum, selama dan setelah melahirkan, termasuk perawatan kesehatan mental.",Sekitar 8 Jam yang lalu,Mencegah Infeksi Covid-19 di Masa Persalinan pada Janin
https://www.merdeka.com/trending/waspadalah-merokok-tingkatkan-risiko-terpapar-covid-19.html,1.0,2020-11-22 21:26:04.227682,,Sekitar 8 Jam yang lalu,"Waspadalah, Merokok Tingkatkan Risiko Terpapar Covid-19"
https://www.merdeka.com/trending/tangisan-iis-dahlia-curhat-putranya-tak-mau-syuting-bareng-malu-takut-dihujat.html,1.0,2020-11-22 21:26:04.316942,,Sekitar 8 Jam yang lalu,"Tangisan Iis Dahlia Curhat Putranya Tak Mau Syuting Bareng, Malu dan Takut Dihujat"
https://www.merdeka.com/trending/sikap-tegas-dua-jenderal-soal-baliho-rizieq-syihab-tertibkan.html,1.0,2020-11-22 21:26:04.388786,,Sekitar 9 Jam yang lalu,"Sikap Tegas Dua Jenderal soal Baliho Rizieq Syihab, Tertibkan!"
https://www.merdeka.com/trending/pemotor-cbr1000-tolak-tawaran-rumah-dan-mobil-dari-penabrak-begini-akhir-kasusnya.html,1.0,2020-11-22 21:26:04.459585,,Sekitar 10 Jam yang lalu,"Pemotor CBR1000 Tolak Tawaran Rumah dan Mobil dari Penabrak, Begini Akhir Kasusnya"
https://www.merdeka.com/trending/selain-fahri-fadli-zon-juga-bersuara-soal-pangdam-jaya-suruh-copot-baliho-rizieq.html,1.0,2020-11-22 21:26:04.527485,,Sekitar 11 Jam yang lalu,"Selain Fahri, Fadli Zon juga Bersuara soal Pangdam Jaya Suruh Copot Baliho Rizieq"
https://www.merdeka.com/trending/jelang-libur-panjang-akhir-tahun-ini-imbauan-dari-satgas-covid-19.html,1.0,2020-11-22 21:26:04.595442,,Sekitar 11 Jam yang lalu,"Jelang Libur Panjang Akhir Tahun, Ini Imbauan dari Satgas Covid-19"
https://www.merdeka.com/trending/jenderal-andika-perkasa-beri-tips-kebal-dari-covid-19-ke-menhub-ini-rahasianya.html,1.0,2020-11-22 21:26:04.656197,,Sekitar 11 Jam yang lalu,"Jenderal Andika Perkasa Beri Tips Kebal dari Covid 19 ke Menhub, Ini Rahasianya"
https://www.merdeka.com/trending/relawan-covid-19-minta-tokoh-masyarakat-tidak-boleh-abai-soal-3m.html,1.0,2020-11-22 21:26:04.723203,,Sekitar 11 Jam yang lalu,Relawan Covid-19 Minta Tokoh Masyarakat Tidak Boleh Abai Soal 3M
https://www.merdeka.com/trending/cara-meningkatkan-daya-tahan-tubuh-yang-efektif-cegah-tertular-covid-19.html,1.0,2020-11-22 21:26:04.791987,,Sekitar 12 Jam yang lalu,"Cara Meningkatkan Daya Tahan Tubuh yang Efektif, Cegah Tertular Covid-19"
https://www.merdeka.com/trending/ini-video-detik-detik-legenda-timnas-ricky-yacobi-meninggal-saat-bermain-sepak-bola.html,1.0,2020-11-22 21:26:04.862788,,Sekitar 12 Jam yang lalu,Ini Video Detik-Detik Legenda Timnas Ricky Yacobi Meninggal saat Bermain Sepak Bola
https://www.merdeka.com/trending/manfaat-ibuprofen-yang-patut-diketahui-kenali-dosis-hingga-efek-sampingnya-kln.html,1.0,2020-11-22 21:26:04.920936,,Sekitar 1 Hari yang lalu,"Manfaat Ibuprofen yang Patut Diketahui, Kenali Dosis Hingga Efek Sampingnya"
https://www.merdeka.com/trending/6-tempat-wisata-malang-gratis-bisa-jadi-destinasi-liburan-bareng-keluarga-dan-teman-kln.html,1.0,2020-11-22 21:26:04.981651,,Sekitar 1 Hari yang lalu,"6 Tempat Wisata Malang Gratis, Bisa Jadi Destinasi Liburan Bareng Keluarga dan Teman"
https://www.merdeka.com/trending/8-destinasi-wisata-di-subang-yang-perlu-dikunjungi-sejuk-dan-memanjakan-mata-kln.html,1.0,2020-11-22 21:26:05.044986,,Sekitar 1 Hari yang lalu,"8 Destinasi Wisata di Subang yang Perlu Dikunjungi, Sejuk dan Memanjakan Mata"
https://www.merdeka.com/trending/tetap-bertahan-di-masa-pandemi-intip-cerita-sukses-bisnis-bonsai-yang-makin-untung.html,1.0,2020-11-22 21:26:05.109131,,Sekitar 1 Hari yang lalu,"Tetap Bertahan di Masa Pandemi, Intip Cerita Sukses Bisnis Bonsai yang Makin Untung"
https://www.merdeka.com/trending/pahami-arti-makruh-tahrim-makruh-tanzih-dan-haram-jangan-sampai-salah-kln.html,1.0,2020-11-22 21:26:05.196475,,Sekitar 1 Hari yang lalu,"Pahami Arti Makruh Tahrim, Makruh Tanzih dan Haram, Jangan Sampai Salah"
https://www.merdeka.com/trending/7-manfaat-pisang-kepok-rebus-bagi-kesehatan-tubuh-bantu-cegah-anemia-kln.html,1.0,2020-11-22 21:26:05.255268,,Sekitar 1 Hari yang lalu,"7 Manfaat Pisang Kepok Rebus Bagi Kesehatan Tubuh, Bantu Cegah Anemia"
https://www.merdeka.com/trending/20-kata-kata-bijak-keberhasilan-dari-iron-man-superhero-miliarder-sekaligus-dermawan-kln.html,1.0,2020-11-22 21:26:05.317031,,Sekitar 1 Hari yang lalu,"20 Kata-Kata Bijak Keberhasilan dari Iron Man, Superhero Miliarder Sekaligus Dermawan"
https://www.merdeka.com/trending/aksi-sadis-adik-habisi-kakak-hingga-mayat-dipendam-di-lantai-kontrakan.html,1.0,2020-11-22 21:26:05.376388,,Sekitar 1 Hari yang lalu,Aksi Sadis Adik Habisi Kakak Hingga Mayat Dipendam di Lantai Kontrakan
https://www.merdeka.com/trending/cara-aman-ajarkan-anak-tentang-covid-19-tanamkan-sejak-dini.html,1.0,2020-11-22 21:26:05.444609,,Sekitar 2 Hari yang lalu,"Cara Aman Ajarkan Anak Tentang Covid-19, Tanamkan Sejak Dini"
https://www.merdeka.com/trending/jangan-sepelekan-begini-cara-memakai-melepas-membuang-masker-yang-benar.html,2.0,2020-11-22 21:26:09.409201,"Tidak sembarangan, Anda harus mengetahui bagaimana cara yang benar dalam mengenakan, melepas hingga membuang masker dengan benar.",Sekitar 2 Hari yang lalu,"Jangan Sepelekan, Begini Cara Memakai, Melepas & Membuang Masker yang Benar"
https://www.merdeka.com/trending/mitos-vaksin-covid-19-dianggap-salah-ketahui-fakta-keamanannya.html,2.0,2020-11-22 21:26:09.499952,,Sekitar 2 Hari yang lalu,"Mitos Vaksin Covid-19 Dianggap Salah, Ketahui Fakta Keamanannya"
https://www.merdeka.com/trending/bermodal-ikan-petek-rp500-ribu-pemuda-ini-berhasil-untung-rp500-juta.html,2.0,2020-11-22 21:26:09.562389,,Sekitar 2 Hari yang lalu,"Bermodal Ikan Petek Rp500 Ribu, Pemuda ini Berhasil Untung Rp500 Juta"
https://www.merdeka.com/trending/apa-itu-pdf-ketahui-definisi-hingga-berbagai-cara-menggunakannya-kln.html,2.0,2020-11-22 21:26:09.619509,,Sekitar 2 Hari yang lalu,Apa Itu Pdf? Ketahui Definisi Hingga Berbagai Cara Menggunakannya
https://www.merdeka.com/trending/putri-delina-beberkan-kesamaan-nathalie-holscher-dengan-mendiang-lina-jubaedah.html,2.0,2020-11-22 21:26:09.679100,,Sekitar 2 Hari yang lalu,Putri Delina Beberkan Kesamaan Nathalie Holscher dengan Mendiang Lina Jubaedah
https://www.merdeka.com/trending/kondisi-memprihatinkan-kakek-dipukul-sampai-terseret-di-aspal-saat-minta-rokok.html,2.0,2020-11-22 21:26:09.734734,,Sekitar 2 Hari yang lalu,"Kejam Banget, Pemuda Pukul & Seret Kakek di Aspal Cuma karena Minta Rokok"
https://www.merdeka.com/trending/beda-dari-yang-lain-pria-ini-datang-ke-wisuda-drive-thru-naik-traktor.html,2.0,2020-11-22 21:26:09.794916,,Sekitar 2 Hari yang lalu,"Beda dari yang Lain, Pria Ini Datang ke Wisuda Drive Thru Naik Traktor"
https://www.merdeka.com/trending/140-nama-bayi-laki-laki-kristen-penuh-makna-diambil-dari-alkitab-kln.html,2.0,2020-11-22 21:26:09.850883,,Sekitar 2 Hari yang lalu,"140 Nama Bayi Laki-Laki Kristen, Penuh Makna & Diambil dari Alkitab"
https://www.merdeka.com/trending/maling-berjemaah-ayah-ibu-anak-ini-kompak-curi-kotak-amal-masjid.html,2.0,2020-11-22 21:26:09.908314,,Sekitar 2 Hari yang lalu,"Maling Berjemaah, Ayah, Ibu & Anak Ini Kompak Curi Kotak Amal Masjid"
https://www.merdeka.com/trending/kelakuan-emak-emak-di-jalan-ini-bikin-geleng-geleng-geng-motor-sampai-gak-bisa-marah.html,2.0,2020-11-22 21:26:09.975775,,Sekitar 2 Hari yang lalu,"Kelakuan Emak-Emak di Jalan Ini Bikin Geleng-Geleng, Geng Motor Sampai Gak Bisa Marah"
https://www.merdeka.com/trending/video-sejoli-abg-bertengkar-cowok-menangis-tersedu-sedu-gak-mau-pulang-kalau-putus.html,2.0,2020-11-22 21:26:10.038609,,Sekitar 2 Hari yang lalu,"Video Sejoli ABG Bertengkar, Cowok Menangis Tersedu-sedu Gak Mau Pulang Kalau Putus"
https://www.merdeka.com/trending/sudah-taruna-tingkat-dua-ini-potret-terbaru-irfan-urane-putra-kapolri-idham-azis.html,2.0,2020-11-22 21:26:10.109038,,Sekitar 2 Hari yang lalu,"Sudah Taruna Tingkat Dua, Ini Potret Terbaru Irfan Urane Putra Kapolri Idham Azis"
https://www.merdeka.com/trending/5-resep-masakan-ala-anak-kos-sederhana-murah-dan-anti-gagal-kln.html,2.0,2020-11-22 21:26:10.181804,,Sekitar 2 Hari yang lalu,"5 Resep Masakan Ala Anak Kos, Sederhana, Murah dan Anti Gagal"
https://www.merdeka.com/trending/jarang-tersorot-ini-potret-cantik-menantu-kasad-jenderal-tni-andika-perkasa.html,2.0,2020-11-22 21:26:10.250449,,Sekitar 2 Hari yang lalu,"Jarang Tersorot, Ini Potret Cantik Menantu Kasad Jenderal TNI Andika Perkasa"
https://www.merdeka.com/trending/jarang-tersorot-ini-5-potret-anak-nassar-dan-muzdalifah-ganteng-banget.html,2.0,2020-11-22 21:26:10.325498,,Sekitar 2 Hari yang lalu,"Jarang Tersorot, Ini 5 Potret Anak Nassar dan Muzdalifah Ganteng Banget"
https://www.merdeka.com/trending/dituduh-settingan-pacari-vicky-prasetyokalina-ocktaranny-bantah-tegas-kabar-tersebut.html,2.0,2020-11-22 21:26:10.399048,,Sekitar 2 Hari yang lalu,"Dituduh Settingan Pacari Vicky Prasetyo,Kalina Ocktaranny Bantah Tegas Kabar Tersebut"
https://www.merdeka.com/trending/viral-anak-balita-kepalanya-direndam-ke-dalam-ember-oleh-ibu-sendiri-kejam-banget.html,2.0,2020-11-22 21:26:10.467217,,Sekitar 2 Hari yang lalu,"Viral Anak Balita Kepalanya Direndam ke Dalam Ember oleh Ibu Sendiri, Kejam Banget"
https://www.merdeka.com/trending/foto-ini-bukti-ayah-femila-sinukaban-orang-berpengaruh-akrab-sama-petinggi-negeri.html,2.0,2020-11-22 21:26:10.546488,,Sekitar 2 Hari yang lalu,"Foto Ini Bukti Ayah Femila Sinukaban Orang Berpengaruh, Akrab sama Petinggi Negeri"
https://www.merdeka.com/trending/kabar-terbaru-pramugari-yang-pernah-disebut-akan-menikah-dengan-sulesudah-prewedding.html,2.0,2020-11-22 21:26:10.624727,,Sekitar 2 Hari yang lalu,"Kabar Terbaru Pramugari yang Pernah Disebut Akan Menikah dengan Sule,Sudah Prewedding"
https://www.merdeka.com/trending/ustaz-adi-hidayat-sebut-daging-ulama-beracun-ini-penjelasannya.html,2.0,2020-11-22 21:26:10.674619,,Sekitar 2 Hari yang lalu,"Ustaz Adi Hidayat Sebut Daging Ulama Beracun, Ini Penjelasannya"
https://www.merdeka.com/trending/pemotor-cbr1000-ngaku-ditabrak-ayla-pelaku-ajak-damai-tawarkan-mobil-rumah.html,3.0,2020-11-22 21:26:14.524452,"Meski terlihat layaknya sebuah kecelakaan, namun salah satu pria yang merasa korban dari insiden tersebut lantas memberikan sejumlah klarifikasi. Pria tersebut mengunggah sebuah video yang mengungkapkan kronologi lengkap saat terjadi insiden di lokasi kejadian.",Sekitar 2 Hari yang lalu,"Pemotor CBR1000 Ngaku Ditabrak Ayla, Pelaku Ajak Damai Tawarkan Mobil & Rumah"
https://www.merdeka.com/trending/panglima-tni-berapi-api-datangi-3-markas-pasukan-eliteteriak-komando-lalu-beri-perin.html,3.0,2020-11-22 21:26:14.584668,,Sekitar 2 Hari yang lalu,"Panglima TNI Berapi-api Datangi 3 Markas Pasukan Elite,Teriak Komando Beri Perintah"
https://www.merdeka.com/trending/pemobil-mengaku-petugas-lempar-sim-pemotor-yang-ditabrak-semena-mena-lalu-kabur.html,3.0,2020-11-22 21:26:14.642611,,Sekitar 2 Hari yang lalu,"Pemobil Mengaku Petugas Lempar SIM Pemotor yang Ditabrak, Semena-mena Lalu Kabur"
https://www.merdeka.com/trending/perjalanan-karier-otis-hahijary-sebelum-bos-tv-pernah-stafsus-menteri-era-soeharto.html,3.0,2020-11-22 21:26:14.701326,,Sekitar 2 Hari yang lalu,"Perjalanan Karier Otis Hahijary Sebelum Bos TV, Pernah Stafsus Menteri Era Soeharto"
https://www.merdeka.com/trending/setelah-nikah-dengan-nathalie-holscher-sule-jadi-saudara-uya-kuya-begini-silsilahnya.html,3.0,2020-11-22 21:26:14.760987,,Sekitar 2 Hari yang lalu,"Setelah Nikah dengan Nathalie Holscher Sule jadi Saudara Uya Kuya, Begini Silsilahnya"
https://www.merdeka.com/trending/tips-berbagi-informasi-terkait-covid-19-agar-terhindar-dari-hoaks.html,3.0,2020-11-22 21:26:14.818299,,Sekitar 3 Hari yang lalu,Tips Berbagi Informasi Terkait Covid-19 Agar Terhindar dari Hoaks
https://www.merdeka.com/trending/cara-mencegah-penularan-covid-19-saat-harus-mengantre.html,3.0,2020-11-22 21:26:14.879952,,Sekitar 3 Hari yang lalu,Cara Mencegah Penularan Covid-19 Saat Harus Mengantre
https://www.merdeka.com/trending/tips-menjaga-kesehatan-mental-di-tengah-pandemi-covid-19.html,3.0,2020-11-22 21:26:14.934062,,Sekitar 3 Hari yang lalu,Tips Menjaga Kesehatan Mental di Tengah Pandemi Covid-19
https://www.merdeka.com/trending/pamer-menu-sarapan-masakan-sarwendah-dipuji-dan-dibilang-mirip-di-restoran.html,3.0,2020-11-22 21:26:14.994884,,Sekitar 3 Hari yang lalu,"Pamer Menu Sarapan, Masakan Sarwendah Dipuji dan Dibilang Mirip di Restoran"
https://www.merdeka.com/trending/bermodal-cicak-kering-gadis-ini-mampu-ekspor-dan-untung-rp25-juta.html,3.0,2020-11-22 21:26:15.043916,,Sekitar 3 Hari yang lalu,"Bermodal Cicak Kering, Gadis ini Raup Untung Rp25 Juta"
https://www.merdeka.com/trending/ridho-blak-blakan-soal-kondisi-rumah-tangga-rizki-da-kembarannya-dengan-nadya.html,3.0,2020-11-22 21:26:15.096230,,Sekitar 3 Hari yang lalu,Ridho Blak-blakan soal kondisi Rumah Tangga Rizki DA Kembarannya dengan Nadya
https://www.merdeka.com/trending/30-kata-kata-bijak-dari-film-marvel-keren-penuh-inspirasi-dan-motivasi-kln.html,3.0,2020-11-22 21:26:15.148412,,Sekitar 3 Hari yang lalu,"30 Kata-Kata Bijak dari Film Marvel, Keren, Penuh Inspirasi dan Motivasi"
https://www.merdeka.com/trending/viral-video-pria-pekerja-tambang-salat-di-atas-kendaraan-alat-berat.html,3.0,2020-11-22 21:26:15.206300,,Sekitar 3 Hari yang lalu,Viral Video Pria Pekerja Tambang Salat di Atas Kendaraan Alat Berat
https://www.merdeka.com/trending/cinta-tak-pandang-seragam-bikin-netizen-baper-jarang-terjadi.html,3.0,2020-11-22 21:26:15.258439,,Sekitar 3 Hari yang lalu,"Cinta Tak Pandang Seragam, Netizen Baper Bilang 'Jarang Terjadi'"
https://www.merdeka.com/trending/5-cara-membuat-nasi-goreng-pedas-terbaru-nasi-gila-kekinian-kln.html,3.0,2020-11-22 21:26:15.312680,,Sekitar 3 Hari yang lalu,"5 Cara Membuat Nasi Goreng Pedas, Terbaru Nasi Gila Kekinian"
https://www.merdeka.com/trending/6-penyebab-rematik-di-usia-muda-yang-patut-dipahami-salah-satunya-obesitas-kln.html,3.0,2020-11-22 21:26:15.369720,,Sekitar 3 Hari yang lalu,"6 Penyebab Rematik di Usia Muda yang Patut Dipahami, Salah Satunya Obesitas"
https://www.merdeka.com/trending/unik-banget-pengantin-ini-menikah-dengan-mas-kawin-sepasang-ikan-cupang.html,3.0,2020-11-22 21:26:15.430342,,Sekitar 3 Hari yang lalu,"Unik Banget, Pengantin Ini Menikah dengan Mas Kawin Sepasang Ikan Cupang"
https://www.merdeka.com/trending/viral-pengantin-wanita-curhat-salah-pilih-perias-wajah-cantiknya-jadi-kelihatan-tua.html,3.0,2020-11-22 21:26:15.486616,,Sekitar 3 Hari yang lalu,"Viral Pengantin Wanita Curhat Salah Pilih Perias, Wajah Cantiknya Jadi Kelihatan Tua"
https://www.merdeka.com/trending/farah-puteri-nahlia-putri-irjen-fadil-ternyata-anak-mama-makan-lahap-kalau-disuapi.html,3.0,2020-11-22 21:26:15.543954,,Sekitar 3 Hari yang lalu,"Farah Puteri Nahlia Putri Irjen Fadil Ternyata Anak Mama, Makan Lahap Kalau Disuapi"
https://www.merdeka.com/trending/kisah-kakek-berjuang-jadi-tukang-panci-hingga-korbankan-nyawa-demi-kesembuhan-cucu.html,3.0,2020-11-22 21:26:15.610154,,Sekitar 3 Hari yang lalu,Kisah Kakek Berjuang Jadi Tukang Panci Hingga Korbankan Nyawa Demi Kesembuhan Cucu
https://www.merdeka.com/trending/5-jenis-tanaman-buah-hidroponik-bisa-jadi-ladang-usaha-budidaya-di-rumah-kln.html,4.0,2020-11-22 21:26:19.644843,Saat ini sudah ada berbagai jenis tanaman buah hidroponik.,Sekitar 3 Hari yang lalu,"5 Jenis Tanaman Buah Hidroponik, Bisa Jadi Ladang Usaha & Budidaya di Rumah"
https://www.merdeka.com/trending/ayah-peserta-idol-cantik-femila-sinukaban-bukan-orang-sembarangan-ini-sosoknya.html,4.0,2020-11-22 21:26:19.698369,,Sekitar 3 Hari yang lalu,"Ayah Peserta Idol Cantik Femila Sinukaban Bukan Orang Sembarangan, Ini Sosoknya"
https://www.merdeka.com/trending/dewi-perssik-curhat-selalu-merasa-sakit-setiap-tengah-malambilang-curiga-diguna-guna.html,4.0,2020-11-22 21:26:19.751117,,Sekitar 3 Hari yang lalu,"Dewi Perssik Curhat Selalu Merasa Sakit Setiap Tengah Malam,Bilang Curiga Diguna-guna"
https://www.merdeka.com/trending/fungsi-vitamin-bagi-kesehatan-tubuh-ketahui-jenis-hingga-manfaatnya-kln.html,4.0,2020-11-22 21:26:19.837295,,Sekitar 3 Hari yang lalu,"Fungsi Vitamin Bagi Kesehatan Tubuh, Ketahui Jenis Hingga Manfaatnya"
https://www.merdeka.com/trending/tak-pernah-tersorot-ini-potret-tampan-putra-kasad-jenderal-tni-andika-perkasa.html,4.0,2020-11-22 21:26:19.922566,,Sekitar 3 Hari yang lalu,"Tak Pernah Tersorot, Ini Potret Tampan Putra Kasad Jenderal TNI Andika Perkasa"
https://www.merdeka.com/trending/viral-kondisi-dalam-penjara-sesak-tidur-berdempetan-bandingkan-sel-mewah-koruptor.html,4.0,2020-11-22 21:26:19.978582,,Sekitar 3 Hari yang lalu,"Viral Kondisi Dalam Penjara Sesak & Tidur Berdempetan, Bandingkan Sel Mewah Koruptor"
https://www.merdeka.com/trending/3-makanan-penyebab-kelenjar-getah-bening-bagi-penderita-ketahui-gejala-pencegahan-kln.html,4.0,2020-11-22 21:26:20.033933,,Sekitar 3 Hari yang lalu,"3 Makanan Penyebab Kelenjar Getah Bening Bagi Penderita, Ketahui Gejala & Pencegahan"
https://www.merdeka.com/trending/viral-pengantin-ditinggal-ayah-saat-resepsi-ibu-tirinya-marah-marah-maksa-pulang.html,4.0,2020-11-22 21:26:20.087310,,Sekitar 3 Hari yang lalu,"Viral Pengantin Ditinggal Ayah Saat Resepsi, Ibu Tirinya Marah-Marah Maksa Pulang"
https://www.merdeka.com/trending/potret-kakak-dimas-ramadhan-kembaran-raffi-ahmad-disebut-mirip-minho-shinee.html,4.0,2020-11-22 21:26:20.142597,,Sekitar 3 Hari yang lalu,"Potret Kakak Dimas Ramadhan 'Kembaran' Raffi Ahmad, Disebut Mirip Minho SHINee"
https://www.merdeka.com/trending/pns-ini-keterlaluan-banget-istri-anggota-tni-lagi-bawa-anak-dicubit-pipinya-2-kali.html,4.0,2020-11-22 21:26:20.197884,,Sekitar 3 Hari yang lalu,"PNS Ini Keterlaluan Banget, Istri Anggota TNI Lagi Bawa Anak Dicubit Pipinya 2 Kali"
https://www.merdeka.com/trending/perampok-apes-salah-target-mau-rampok-buser-polisi-malah-disergap.html,4.0,2020-11-22 21:26:20.255543,,Sekitar 3 Hari yang lalu,"Perampok Apes Salah Target, Mau Rampok Buser Polisi Malah Disergap"
https://www.merdeka.com/trending/8-jenis-jenis-surat-yang-sering-digunakan-lengkap-dengan-fungsi-hingga-cirinya-kln.html,4.0,2020-11-22 21:26:20.309304,,Sekitar 3 Hari yang lalu,"8 Jenis Surat yang Sering Digunakan, Lengkap dengan Fungsi Hingga Cirinya"
https://www.merdeka.com/trending/ini-5-potret-femila-sinukaban-peserta-idol-cantik-buat-ari-lasso-kesemsem.html,4.0,2020-11-22 21:26:20.365634,,Sekitar 3 Hari yang lalu,"Ini 5 Potret Femila Sinukaban, Peserta Idol Cantik buat Ari Lasso Kesemsem"
https://www.merdeka.com/trending/potret-istri-bos-jalan-tol-jusuf-hamka-jadi-pelayan-nasi-kuning-gratis-sigap-banget.html,4.0,2020-11-22 21:26:20.419916,,Sekitar 3 Hari yang lalu,"Potret Istri Bos Jalan Tol Jusuf Hamka jadi Pelayan Nasi Kuning Gratis, Sigap Banget"
https://www.merdeka.com/trending/kenali-penyebab-radang-tenggorokan-dari-berbagai-penyakit-jangan-disepelekan-kln.html,4.0,2020-11-22 21:26:20.478564,,Sekitar 3 Hari yang lalu,"Kenali Penyebab Radang Tenggorokan dari Berbagai Penyakit, Jangan Disepelekan"
https://www.merdeka.com/trending/marinir-tni-tunjukkan-cara-bertahan-hidup-kuliti-ular-dengan-mulut-lalu-dimakan.html,4.0,2020-11-22 21:26:20.534723,,Sekitar 3 Hari yang lalu,"Marinir TNI Tunjukkan Cara Bertahan Hidup, Kuliti Ular dengan Mulut Lalu Dimakan"
https://www.merdeka.com/trending/aburizal-bakire-ultah-ke-74-ini-doa-dan-janji-nia-ramadhani-bikin-terenyuh.html,4.0,2020-11-22 21:26:20.593523,,Sekitar 3 Hari yang lalu,"Aburizal Bakire Ultah ke 74, Ini Doa dan Janji Nia Ramadhani Bikin Terenyuh"
https://www.merdeka.com/trending/demi-vicky-gladiator-cinta-kalina-rela-blusukan-ke-pasar-beli-daging.html,4.0,2020-11-22 21:26:20.648651,,Sekitar 3 Hari yang lalu,"Demi Vicky 'Gladiator Cinta', Kalina Rela Blusukan ke Pasar Beli Daging"
https://www.merdeka.com/trending/kisah-perempuan-dapat-paket-misterius-tengah-malamsetelah-dibuka-ternyata-ini-isinya.html,4.0,2020-11-22 21:26:20.703752,,Sekitar 4 Hari yang lalu,"Kisah Perempuan Dapat Paket Misterius Tengah Malam,Setelah Dibuka Ternyata Ini Isinya"
https://www.merdeka.com/trending/mengenal-5-pejabat-luar-negeri-keturunan-indonesia-menteri-hingga-presiden.html,4.0,2020-11-22 21:26:20.760484,,Sekitar 4 Hari yang lalu,"Mengenal 5 Pejabat Luar Negeri Keturunan Indonesia, Menteri Hingga Presiden"
https://www.merdeka.com/trending/7-cara-membuat-kue-bolu-panggang-super-lembut-dijamin-lezat-dan-anti-gagal-kln.html,5.0,2020-11-22 21:26:24.566450,Cara membuat kue bolu panggang dapat Anda lakukan sendiri di rumah dan menikmatinya Bersama keluarga dan orang terdekat. Nama bolu sendiri yakni tak lain berasal dari Bahasa Portugis ‘bolo’ yang berarti cake atau kue.,Sekitar 4 Hari yang lalu,"7 Cara Membuat Kue Bolu Panggang Super Lembut, Dijamin Lezat dan Anti Gagal"
https://www.merdeka.com/trending/sering-sebut-kata-auri-pangkat-militer-odgj-ini-sempat-dikira-mantan-prajurit-tni.html,5.0,2020-11-22 21:26:24.615456,,Sekitar 4 Hari yang lalu,"Sering Sebut Kata AURI & Pangkat Militer, ODGJ Ini Sempat Dikira Mantan Prajurit TNI"
https://www.merdeka.com/trending/bikin-kaget-skripsi-mahasiswa-ini-setebal-2000-halaman-segini-biayanya.html,5.0,2020-11-22 21:26:24.668695,,Sekitar 4 Hari yang lalu,"Bikin Kaget, Skripsi Mahasiswa Ini Setebal 2.000 Halaman, Segini Biayanya"
https://www.merdeka.com/trending/150-nama-bayi-perempuan-kristen-dari-a-z-penuh-makna-dan-arti-yang-indah-kln.html,5.0,2020-11-22 21:26:24.717419,,Sekitar 4 Hari yang lalu,"150 Nama Bayi Perempuan Kristen dari A-Z, Penuh Makna dan Arti yang Indah"
https://www.merdeka.com/trending/kalina-vicky-prasetyo-tertangkap-basah-mesra-mesraan-pelukan-di-lokasi-syuting.html,5.0,2020-11-22 21:26:24.780526,,Sekitar 4 Hari yang lalu,Kalina & Vicky Prasetyo Tertangkap Basah Mesra-mesraan Pelukan di Lokasi Syuting
https://www.merdeka.com/trending/potret-cantik-farah-puteri-anak-irjen-fadil-dipuji-tetap-glowing-kerja-di-rumah.html,5.0,2020-11-22 21:26:24.848398,,Sekitar 4 Hari yang lalu,"Potret Cantik Farah Puteri Anak Irjen Fadil, Dipuji Tetap Glowing Kerja di Rumah"
https://www.merdeka.com/trending/100-kata-kata-bosan-tentang-kehidupan-menunggu-dan-untuk-kekasih-kln.html,5.0,2020-11-22 21:26:24.897458,,Sekitar 4 Hari yang lalu,"100 Kata-Kata Bosan Tentang Kehidupan, Menunggu dan Untuk Kekasih"
https://www.merdeka.com/trending/momen-jenderal-tni-pulang-kampung-ke-tempat-kelahiran-cari-lokasi-ari-arinya-dikubur.html,5.0,2020-11-22 21:26:24.948699,,Sekitar 4 Hari yang lalu,"Momen Jenderal TNI Pulang Kampung ke Tanah Kelahiran, Cari Lokasi Ari-Arinya Dikubur"
https://www.merdeka.com/trending/cara-main-poker-sesuai-aturan-bebas-judi-dan-pasti-menang-kln.html,5.0,2020-11-22 21:26:24.999317,,Sekitar 4 Hari yang lalu,"Cara Main Poker Sesuai Aturan, Bebas Judi dan Pasti Menang"
https://www.merdeka.com/trending/dinasihati-ashanty-untuk-tahan-amarah-jawaban-arsy-hermansyah-kritis-banget.html,5.0,2020-11-22 21:26:25.052898,,Sekitar 4 Hari yang lalu,"Dinasihati Ashanty Untuk Tahan Amarah, Jawaban Arsy Hermansyah Kritis Banget"
https://www.merdeka.com/trending/5-cara-membuat-soto-daging-sapi-dari-berbagai-daerah-penuh-cita-rasa-nusantara-kln.html,5.0,2020-11-22 21:26:25.102231,,Sekitar 4 Hari yang lalu,"5 Cara Membuat Soto Daging Sapi dari Berbagai Daerah, Penuh Cita Rasa Nusantara"
https://www.merdeka.com/trending/video-anak-laki-laki-dengan-tegar-mengadzankan-jenazah-ibunya-banjir-air-mata.html,5.0,2020-11-22 21:26:25.156068,,Sekitar 4 Hari yang lalu,"Video Anak Laki-Laki dengan Tegar Mengadzankan Jenazah Ibunya, Bikin Banjir Air Mata"
https://www.merdeka.com/trending/ayu-ting-ting-dikabarkan-segera-nikah-tanggapan-didi-riyadi-bikin-speechless.html,5.0,2020-11-22 21:26:25.203941,,Sekitar 4 Hari yang lalu,"Ayu Ting Ting Dikabarkan Segera Nikah, Tanggapan Didi Riyadi Bikin Speechless"
https://www.merdeka.com/trending/syekh-ali-jaber-cium-tangan-naja-penghafal-alquran-kekuatan-doa-pertemukan-keduanya.html,5.0,2020-11-22 21:26:25.252767,,Sekitar 4 Hari yang lalu,"Syekh Ali Jaber Cium Tangan Naja Penghafal Alquran, Kekuatan Doa Pertemukan Keduanya"
https://www.merdeka.com/trending/potret-cantik-milka-adanta-menantu-eks-kapolri-badrodin-haiti-ternyata-none-jakarta.html,5.0,2020-11-22 21:26:25.321077,,Sekitar 4 Hari yang lalu,"Potret Cantik Milka Adanta, Menantu Eks Kapolri Badrodin Haiti Ternyata None Jakarta"
https://www.merdeka.com/trending/papiloma-adalah-tumor-jinak-di-jaringan-epitel-kulit-kenali-juga-jenis-tumor-lainnya-kln.html,5.0,2020-11-22 21:26:25.380616,,Sekitar 4 Hari yang lalu,"Papiloma Adalah Tumor Jinak di Jaringan Epitel Kulit, Kenali Juga Jenis Tumor Lainnya"
https://www.merdeka.com/trending/sri-sultan-hamengkubuwono-x-beri-hadiah-khusus-ke-korps-marinir-tni-peninggalan-1887.html,5.0,2020-11-22 21:26:25.440030,,Sekitar 4 Hari yang lalu,"Sri Sultan Hamengkubuwono X Beri Hadiah Khusus ke Korps Marinir TNI, Peninggalan 1887"
https://www.merdeka.com/trending/sepak-terjang-irjen-fadil-imran-gulung-preman-hercules-sampai-usir-kapolsek-tidur.html,5.0,2020-11-22 21:26:25.505685,,Sekitar 4 Hari yang lalu,"Sepak Terjang Irjen Fadil Imran, Gulung Preman Hercules Sampai Usir Kapolsek Tidur"
https://www.merdeka.com/trending/melly-goeslaw-nyanyi-duet-raisa-ramai-ramai-ditertawai-para-artis-ada-apa.html,5.0,2020-11-22 21:26:25.570867,,Sekitar 4 Hari yang lalu,"Melly Goeslaw Nyanyi Duet Raisa Ramai-Ramai Ditertawai Para Artis, Ada Apa?"
https://www.merdeka.com/trending/6-tahun-lalu-kejutkan-dunia-maya-begini-kondisi-terbaru-dijjah-yelloww.html,5.0,2020-11-22 21:26:25.635262,,Sekitar 4 Hari yang lalu,"6 Tahun Lalu Kejutkan Dunia Maya, Begini Kondisi Terbaru Dijjah Yelloww"
https://www.merdeka.com/trending/perintah-jenderal-andika-anggota-tni-ad-digembleng-ke-islamannya-di-masjid-istiqlal.html,6.0,2020-11-22 21:26:29.768372,"Pemberian materi pelatihan ini merupakan ilmu terapan fiqih yang berpusat pada ilmu dakwah, aqidah dan akhlak.",Sekitar 4 Hari yang lalu,"Perintah Jenderal Andika, Anggota TNI AD Digembleng ke-Islamannya di Masjid Istiqlal"
https://www.merdeka.com/trending/ariel-noah-sering-bikin-video-dengan-wanita-cantik-ini-pacar-atau-teman.html,6.0,2020-11-22 21:26:29.824048,,Sekitar 4 Hari yang lalu,"Ariel Noah Sering Bikin Video dengan Wanita Cantik Ini, Pacar Atau Teman?"
https://www.merdeka.com/trending/tak-banyak-orang-tahu-jenderal-tni-dan-polri-ini-punya-besan-sama-sama-jenderal.html,6.0,2020-11-22 21:26:29.872840,,Sekitar 4 Hari yang lalu,"Tak Banyak Orang Tahu, Jenderal TNI dan Polri Ini Punya Besan Sama-Sama Jenderal"
https://www.merdeka.com/trending/50-kata-kata-bijak-selamat-pagi-yang-penuh-semangat-cocok-untuk-mengawali-hari-kln.html,6.0,2020-11-22 21:26:29.926335,,Sekitar 4 Hari yang lalu,"50 Kata-kata Bijak Selamat Pagi yang Penuh Semangat, Cocok untuk Mengawali Hari"
https://www.merdeka.com/trending/6-cara-mengatasi-pengangguran-adanya-bursa-tenaga-kerja-dan-pelatihan-kln.html,6.0,2020-11-22 21:26:29.980598,,Sekitar 4 Hari yang lalu,"6 Cara Mengatasi Pengangguran, Adanya Bursa Tenaga Kerja dan Pelatihan"
https://www.merdeka.com/trending/ustaz-abdul-somad-dakwah-di-andara-ini-pertanyaan-jujur-raffi-ahmad-tuai-pujian.html,6.0,2020-11-22 21:26:30.037463,,Sekitar 4 Hari yang lalu,"Ustaz Abdul Somad Dakwah di Andara, Ini Pertanyaan Jujur Raffi Ahmad Tuai Pujian"
https://www.merdeka.com/trending/raffi-ahmad-akui-selalu-bantu-pengemis-langsung-dibalas-berlipat-ganda-oleh-tuhan.html,6.0,2020-11-22 21:26:30.092475,,Sekitar 4 Hari yang lalu,"Raffi Ahmad Akui Selalu Bantu Pengemis, Langsung Dibalas Berlipat Ganda oleh Tuhan"
https://www.merdeka.com/trending/misi-mulia-potret-anggota-polri-ajari-anak-14-tahun-baca-tulis-di-afrika-tengah.html,6.0,2020-11-22 21:26:30.150413,,Sekitar 4 Hari yang lalu,"Misi Mulia, Potret Anggota Polri Ajari Anak 14 Tahun Baca Tulis di Afrika Tengah"
https://www.merdeka.com/trending/menilik-kisah-masa-kecil-mantan-ksau-yuyu-sutisna-jadi-tukang-pikul-air-di-desa.html,6.0,2020-11-22 21:26:30.210281,,Sekitar 5 Hari yang lalu,"Menilik Kisah Masa Kecil Mantan KSAU Yuyu Sutisna, Jadi Tukang Pikul Air di Desa"
https://www.merdeka.com/trending/5-tahun-temani-saat-susah-wanita-ini-ditinggal-begitu-saja-ketika-pacarnya-sukses.html,6.0,2020-11-22 21:26:30.267814,,Sekitar 5 Hari yang lalu,"5 Tahun Temani saat Susah, Wanita Ini Ditinggal Begitu Saja Ketika Pacarnya Sukses"
https://www.merdeka.com/trending/5-potret-cantik-kristania-virginia-miss-indonesia-jadi-tentara-amerika-serikat.html,6.0,2020-11-22 21:26:30.327090,,Sekitar 5 Hari yang lalu,"5 Potret Cantik Kristania Virginia, Miss Indonesia Jadi Tentara Amerika Serikat"
https://www.merdeka.com/trending/93-kata-kata-untuk-suami-yang-selingkuh-ungkapan-rasa-kecewa-menyentuh-hati-kln.html,6.0,2020-11-22 21:26:30.385715,,Sekitar 5 Hari yang lalu,"93 Kata-Kata untuk Suami yang Selingkuh, Ungkapan Rasa Kecewa & Menyentuh Hati"
https://www.merdeka.com/trending/miris-nenek-ini-hidup-sendirian-biasa-makan-singkong-anggap-nasi-makanan-mewah.html,6.0,2020-11-22 21:26:30.449002,,Sekitar 5 Hari yang lalu,"Miris, Nenek Ini Hidup Sendirian & Biasa Makan Singkong, Anggap Nasi Makanan Mewah"
https://www.merdeka.com/trending/potret-kebersamaan-farah-puteri-nahlia-anak-irjen-fadil-imran-dengan-para-jenderal.html,6.0,2020-11-22 21:26:30.510423,,Sekitar 5 Hari yang lalu,Potret Kebersamaan Farah Puteri Nahlia Anak Irjen Fadil Imran dengan Para Jenderal
https://www.merdeka.com/trending/6-resep-bisnis-makanan-ringan-yang-lezat-praktis-dan-menguntungkan-kln.html,6.0,2020-11-22 21:26:30.575055,,Sekitar 5 Hari yang lalu,"6 Resep Bisnis Makanan Ringan yang Lezat, Praktis dan Menguntungkan"
https://www.merdeka.com/trending/doa-menyentuh-hati-kopral-bakrisesepuh-marinir-tni-bersyukur-dapat-pensiun-buat-maka.html,6.0,2020-11-22 21:26:30.642268,,Sekitar 5 Hari yang lalu,"Doa Menyentuh Kopral Bakrie, Sesepuh Marinir TNI Bersyukur Dapat Pensiun Buat Makan"
https://www.merdeka.com/trending/kisah-mantan-prajurit-tni-sempat-menyesal-keluar-kesatuan-kini-beralih-jadi-youtuber.html,6.0,2020-11-22 21:26:30.707189,,Sekitar 5 Hari yang lalu,"Kisah Mantan Prajurit TNI, Sempat Menyesal Keluar Kesatuan Kini Beralih Jadi Youtuber"
https://www.merdeka.com/trending/gisella-anastasia-bahas-soal-jangan-takut-pada-hari-esok-gading-berikan-dukungan.html,6.0,2020-11-22 21:26:30.775403,,Sekitar 5 Hari yang lalu,"Gisella Anastasia Bahas Soal Jangan Takut pada Hari Esok, Gading Sampai Komentar"
https://www.merdeka.com/trending/harga-daging-sapi-berdasarkan-jenisnya-terbaru-dan-paling-akurat-kln.html,6.0,2020-11-22 21:26:30.845002,,Sekitar 5 Hari yang lalu,"Harga Daging Sapi Berdasarkan Jenisnya, Terbaru dan Paling Akurat"
https://www.merdeka.com/trending/pisah-harta-perwira-polisi-dengan-istri-lihat-gepokan-uang-asing-di-brankas.html,6.0,2020-11-22 21:26:30.911906,,Sekitar 5 Hari yang lalu,"Pisah Harta Perwira Polisi dengan Istri, Lihat Gepokan Uang Asing di Brankas"
https://www.merdeka.com/trending/ini-gambar-kucing-apa-burung-hp-sampai-diputar-buat-temukan-jawabannya.html,7.0,2020-11-22 21:26:34.776898,Kembali beredar sebuah gambar yang mampu membuat warganet bertanya-tanya dan membutuhkan usaha untuk dapat menemukan jawabannya. Sekilas gambar ini memang mirip dengan seekor binatang.,Sekitar 5 Hari yang lalu,"Ini Gambar Kucing Apa Burung, HP Sampai Diputar buat Temukan Jawabannya"
https://www.merdeka.com/trending/bagikan-foto-rontgen-wajah-sophia-latjuba-dipuji-tengkoraknya-aja-tetap-cantik.html,7.0,2020-11-22 21:26:34.845433,,Sekitar 5 Hari yang lalu,"Bagikan Foto Rontgen Wajah, Sophia Latjuba Dipuji Tengkoraknya Aja Tetap Cantik"
https://www.merdeka.com/trending/harga-kambing-terbaru-dari-berbagai-jenis-mulai-anakan-hingga-dewasa-kln.html,7.0,2020-11-22 21:26:34.913744,,Sekitar 5 Hari yang lalu,"Harga Kambing Terbaru Dari Berbagai Jenis, Mulai Anakan Hingga Dewasa"
https://www.merdeka.com/trending/pembelaan-anies-usai-kerumunan-massa-di-petamburan.html,7.0,2020-11-22 21:26:34.986161,,Sekitar 5 Hari yang lalu,Pembelaan Anies Baswedan Usai Kerumunan Massa di Petamburan
https://www.merdeka.com/trending/bayinya-ada-masalah-pernapasan-ini-potret-perjuangan-oki-setiana-dewi-melahirkan.html,7.0,2020-11-22 21:26:35.059332,,Sekitar 5 Hari yang lalu,"Bayinya Ada Masalah Pernapasan, Ini Potret Perjuangan Oki Setiana Dewi Melahirkan"
https://www.merdeka.com/trending/irjen-fadil-imran-kapolda-metro-baru-ayah-anggota-dpr-termuda-farah-puteri-nahlia.html,7.0,2020-11-22 21:26:35.129286,,Sekitar 5 Hari yang lalu,"Irjen Fadil Imran, Kapolda Metro Baru Ayah Anggota DPR Termuda Farah Puteri Nahlia"
https://www.merdeka.com/trending/konduksi-adalah-proses-terjadinya-transmisi-energi-panas-dua-benda-kenali-jenisnya-kln.html,7.0,2020-11-22 21:26:35.205464,,Sekitar 5 Hari yang lalu,"Konduksi Adalah Proses Terjadinya Transmisi Energi Panas Dua Benda, Kenali Jenisnya"
https://www.merdeka.com/trending/jarang-tersorot-ini-potret-putra-eks-kapolri-badrodin-haiti-berkarier-di-farmasi.html,7.0,2020-11-22 21:26:35.281923,,Sekitar 5 Hari yang lalu,"Jarang Tersorot, Ini Potret Putra Eks Kapolri Badrodin Haiti Berkarier di Farmasi"
https://www.merdeka.com/trending/dimas-ramadhan-ungkap-kebaikan-raffi-dan-nagita-bilang-sampai-bingung-balasnya.html,7.0,2020-11-22 21:26:35.352686,,Sekitar 5 Hari yang lalu,"Dimas Ramadhan Ungkap Kebaikan Raffi dan Nagita, Bilang Sampai Bingung Balasnya"
https://www.merdeka.com/trending/10-penyebab-bau-mulut-akut-yang-dapat-terjadi-dari-mulai-kebiasaan-hingga-penyakit-kln.html,7.0,2020-11-22 21:26:35.427126,,Sekitar 5 Hari yang lalu,"10 Penyebab Bau Mulut Akut yang Dapat Terjadi, Dari Mulai Kebiasaan Hingga Penyakit"
https://www.merdeka.com/trending/dimas-kembaran-raffi-ahmad-main-ke-rumah-bos-tv-langsung-dikasih-sepatu-mahal.html,7.0,2020-11-22 21:26:35.501977,,Sekitar 5 Hari yang lalu,"Dimas 'Kembaran' Raffi Ahmad Main ke Rumah Bos TV, Langsung Dikasih Sepatu Mahal"
https://www.merdeka.com/trending/7-penyebab-ketombe-berkerak-yang-harus-diketahui-jangan-dianggap-remeh-kln.html,7.0,2020-11-22 21:26:35.573644,,Sekitar 5 Hari yang lalu,"7 Penyebab Ketombe Berkerak yang Harus Diketahui, Jangan Dianggap Remeh"
https://www.merdeka.com/trending/vanessa-angel-dipenjara-3-bulan-bayinya-jadi-korban.html,7.0,2020-11-22 21:26:35.649595,,Sekitar 5 Hari yang lalu,"Vanessa Angel Dipenjara 3 Bulan, Bayinya Jadi Korban"
https://www.merdeka.com/trending/50-kata-kata-buat-teman-penghianat-menyentil-hati-dan-bikin-sadar-kln.html,7.0,2020-11-22 21:26:35.727466,,Sekitar 5 Hari yang lalu,"50 Kata-kata Buat Teman Penghianat, Menyentil Hati dan Bikin Sadar"
https://www.merdeka.com/trending/ustaz-abdul-somad-unggah-potret-masa-muda-wajahnya-mirip-bruce-lee-jadi-sorotan.html,7.0,2020-11-22 21:26:35.804771,,Sekitar 5 Hari yang lalu,"Ustaz Abdul Somad Unggah Potret Masa Muda, Wajahnya Mirip Bruce Lee Jadi Sorotan"
https://www.merdeka.com/trending/melihat-perjalanan-karier-dua-jenderal-polisi-dicopot-gara-gara-biarkan-kerumunan.html,7.0,2020-11-22 21:26:35.877375,,Sekitar 5 Hari yang lalu,Melihat Perjalanan Karier Dua Jenderal Polisi Dicopot Gara-Gara Biarkan Kerumunan
https://www.merdeka.com/trending/naik-kuda-ditarif-rp150-ribu-jenderal-tni-andika-minta-diskon-tapi-bayar-rp1-juta.html,7.0,2020-11-22 21:26:35.954605,,Sekitar 5 Hari yang lalu,"Naik Kuda Ditarif Rp150 Ribu, Jenderal TNI Andika Minta Diskon Tapi Bayar Rp1 Juta"
https://www.merdeka.com/trending/tim-pakar-selalu-ingatkan-jaga-imunitas-demi-cegah-covid-19.html,7.0,2020-11-22 21:26:36.033431,,Sekitar 6 Hari yang lalu,"Tim Pakar Selalu Ingatkan, Jaga Imunitas Demi Cegah Covid-19"
https://www.merdeka.com/trending/harus-diwaspadai-6-kesalahan-saat-mencuci-tangan.html,7.0,2020-11-22 21:26:36.110778,,Sekitar 6 Hari yang lalu,"Harus Diwaspadai, 6 Kesalahan Saat Mencuci Tangan"
https://www.merdeka.com/trending/video-seorang-ayah-menangis-terisak-saat-kucingnya-mati-6-tahun-tak-terpisahkan.html,7.0,2020-11-22 21:26:36.187428,,Sekitar 6 Hari yang lalu,"Video Seorang Ayah Menangis Terisak saat Kucingnya Mati, 6 Tahun Tak Terpisahkan"
https://www.merdeka.com/trending/kisah-wanita-jadi-buruh-pengering-ikan-asin-demi-suami-anak-yang-sakit-tuai-doa.html,8.0,2020-11-22 21:26:40.352285,Wanita ini harus rela berjuang menjadi kepala keluarga. Kisah pilu harus dirasakan olehnya lantaran sang suami dan anaknya mendapati kondisi sakit yang amat serius.,Sekitar 6 Hari yang lalu,"Kisah Wanita Jadi Buruh Pengering Ikan Asin Demi Suami & Anak yang Sakit, Tuai Doa"
https://www.merdeka.com/trending/intimidasi-adalah-bentuk-perilaku-yang-mengancam-kenali-bentuk-hingga-tanda-tandanya-kln.html,8.0,2020-11-22 21:26:40.425499,,Sekitar 6 Hari yang lalu,"Intimidasi Adalah Bentuk Perilaku yang Mengancam, Kenali Bentuk Hingga Tanda-tandanya"
https://www.merdeka.com/trending/pengakuan-feby-febiola-sudah-sembuh-dari-kanker-ovarium-begini-fakta-faktanya.html,8.0,2020-11-22 21:26:40.500492,,Sekitar 6 Hari yang lalu,"Pengakuan Feby Febiola Sudah Sembuh dari Kanker Ovarium, Begini Fakta-Faktanya"
https://www.merdeka.com/trending/125-nama-bayi-laki-laki-dari-bahasa-jerman-miliki-arti-pemimpin-yang-keren-kln.html,8.0,2020-11-22 21:26:40.571445,,Sekitar 6 Hari yang lalu,"125 Nama Bayi Laki-Laki dari Bahasa Jerman, Miliki Arti Pemimpin yang Keren"
https://www.merdeka.com/trending/10-artis-indonesia-yang-masuk-nominasi-wanita-tercantik-di-dunia-ada-citra-kirana.html,8.0,2020-11-22 21:26:40.635355,,Sekitar 6 Hari yang lalu,"10 Artis Indonesia yang Masuk Nominasi Wanita Tercantik di Dunia, Ada Citra Kirana"
https://www.merdeka.com/trending/5-resep-masakan-rumahan-jawa-rempah-melimpah-menggugah-selera-makan-kln.html,8.0,2020-11-22 21:26:40.701838,,Sekitar 6 Hari yang lalu,"5 Resep Masakan Rumahan Jawa, Rempah Melimpah & Menggugah Selera Makan"
https://www.merdeka.com/trending/momen-polwan-pasangkan-atribut-ke-anggota-tni-netizen-sebut-bikin-baper-se-kecamatan.html,8.0,2020-11-22 21:26:40.773046,,Sekitar 6 Hari yang lalu,"Momen Polwan Pasangkan Atribut ke Anggota TNI, Netizen Sebut Bikin Baper se-Kecamatan"
https://www.merdeka.com/trending/makanan-halal-dan-haram-dalam-agama-islam-lengkap-dengan-dalil-dan-penjelasan-ilmiah-kln.html,8.0,2020-11-22 21:26:40.837696,,Sekitar 6 Hari yang lalu,"Makanan Halal dan Haram Dalam Agama Islam, Lengkap dengan Dalil dan Penjelasan Ilmiah"
https://www.merdeka.com/trending/ketahuan-curi-masker-dan-parfum-wanita-ini-menangis-takut-dilaporkan-polisi.html,8.0,2020-11-22 21:26:40.910149,,Sekitar 6 Hari yang lalu,"Ketahuan Curi Masker dan Parfum, Wanita Ini Menangis Takut Dilaporkan Polisi"
https://www.merdeka.com/trending/8-cara-membesarkan-badan-dengan-olahraga-cocok-bagi-yang-ingin-gemuk-kln.html,8.0,2020-11-22 21:26:40.979803,,Sekitar 6 Hari yang lalu,"8 Cara Membesarkan Badan dengan Olahraga, Cocok Bagi yang Ingin Gemuk"
https://www.merdeka.com/trending/dulu-cuma-rp200-ribu-kini-penghasilan-dimas-kembaran-raffi-ahmad-mengejutkan.html,8.0,2020-11-22 21:26:41.045495,,Sekitar 6 Hari yang lalu,"Dulu Cuma Rp200 Ribu, Kini Penghasilan Dimas 'Kembaran' Raffi Ahmad Mengejutkan"
https://www.merdeka.com/trending/viral-pria-dijambak-dikepung-nakes-berpakaian-apd-ini-yang-sebenarnya-terjadi.html,8.0,2020-11-22 21:26:41.116069,,Sekitar 6 Hari yang lalu,"Viral Pria 'Dijambak & Dikepung' Nakes Berpakaian APD, Ini yang Sebenarnya Terjadi"
https://www.merdeka.com/trending/gisella-anastasia-berulang-tahun-ini-kejutan-spesial-yang-diberikan-sang-kekasih.html,8.0,2020-11-22 21:26:41.187168,,Sekitar 6 Hari yang lalu,"Gisella Anastasia Berulang Tahun, Ini Kejutan Spesial yang Diberikan Sang Kekasih"
https://www.merdeka.com/trending/6-gejala-liver-yang-jarang-disadari-kenali-agar-lebih-mudah-untuk-mengobati-kln.html,8.0,2020-11-22 21:26:41.256530,,Sekitar 6 Hari yang lalu,"6 Gejala Liver yang Jarang Disadari, Kenali Agar Lebih Mudah untuk Mengobati"
https://www.merdeka.com/trending/viral-video-pria-barter-mobil-dengan-tanaman-bisa-bikin-ngamuk-istri.html,8.0,2020-11-22 21:26:41.330396,,Sekitar 6 Hari yang lalu,"Viral Video Pria Barter Mobil dengan Tanaman, Bisa Bikin Ngamuk Istri"
https://www.merdeka.com/trending/ikuti-google-maps-pria-ini-tersesat-masuk-ke-hutan-pacet-merasa-bertemu-wanita.html,8.0,2020-11-22 21:26:41.404288,,Sekitar 6 Hari yang lalu,"Ikuti Google Maps, Pria Ini Tersesat Masuk ke Hutan Pacet, Merasa Bertemu Wanita"
https://www.merdeka.com/trending/kebakaran-besar-lahap-pasar-weleri-kendal-toko-jilbab-ini-tetap-utuh-tak-kena-api.html,8.0,2020-11-22 21:26:41.477466,,Sekitar 6 Hari yang lalu,"Kebakaran Besar Lahap Pasar Weleri Kendal, Toko Jilbab Ini Tetap Utuh Tak Kena Api"
https://www.merdeka.com/trending/8-cara-hilangkan-jerawat-dengan-bahan-alami-dijamin-tuntas-dan-tanpa-bekas-kln.html,8.0,2020-11-22 21:26:41.549234,,Sekitar 6 Hari yang lalu,"8 Cara Hilangkan Jerawat dengan Bahan Alami, Dijamin Tuntas dan Tanpa Bekas"
https://www.merdeka.com/trending/kepala-dusun-sampai-dobrak-kamar-pria-ini-kelamaan-tempur-sama-psk.html,8.0,2020-11-22 21:26:41.624837,,Sekitar 6 Hari yang lalu,"Kepala Dusun Sampai Dobrak Kamar, Pria Ini Kelamaan 'Tempur' sama PSK"
https://www.merdeka.com/trending/data-adalah-bukti-temuan-dari-hasil-penelitian-ketahui-manfaat-dan-jenisnya-kln.html,8.0,2020-11-22 21:26:41.699425,,Sekitar 6 Hari yang lalu,"Data Adalah Bukti Temuan dari Hasil Penelitian, Ketahui Manfaat dan Jenisnya"
https://www.merdeka.com/trending/mulianya-hati-mbah-gotri-pensiunan-tni-al-yang-rela-habiskan-waktu-demi-rawat-odgj.html,9.0,2020-11-22 21:26:45.543573,"Mbah Gotri merupakan seorang purnawirawan TNI Angkatan Laut. Di masa purna nya, ia menghabiskan waktu untuk merawat lansia dhuafa serta Orang Dengan Gangguan Jiwa (ODGJ).",Sekitar 6 Hari yang lalu,"Mulianya Hati Mbah Gotri, Pensiunan TNI AL yang Rela Habiskan Waktu Demi Rawat ODGJ"
https://www.merdeka.com/trending/aksi-gila-sejoli-sumpah-enggak-ada-takut-takutnya-ini-pasangan.html,9.0,2020-11-22 21:26:45.593389,,Sekitar 6 Hari yang lalu,"Aksi Gila Sejoli, Enggak Ada Takut-takutnya Ini Pasangan"
https://www.merdeka.com/trending/perjuangan-anak-perempuan-tukul-masuk-polri-jadi-lulusan-terbaik.html,9.0,2020-11-22 21:26:45.643732,,Sekitar 6 Hari yang lalu,"Perjuangan Anak Perempuan Tukul, Masuk Polri jadi Lulusan Terbaik"
https://www.merdeka.com/trending/crazy-rich-pondok-indah-investigasi-rumah-dhani-geleng-geleng-pas-lihat-isinya.html,9.0,2020-11-22 21:26:45.696975,,Sekitar 6 Hari yang lalu,"Crazy Rich Pondok Indah Investigasi Rumah Dhani, Geleng-geleng Pas Lihat Isinya"
https://www.merdeka.com/trending/potret-kota-sampah-terbesar-di-mesir-mayoritas-penduduk-bekerja-sebagai-pemulung.html,9.0,2020-11-22 21:26:45.753428,,Sekitar 1 Minggu yang lalu,"Potret Kota Sampah Terbesar di Mesir, Mayoritas Penduduk Bekerja Sebagai Pemulung"
https://www.merdeka.com/trending/kondisi-ade-londok-memprihatinkan-karier-melesat-kini-terlihat-kusut-dan-berantakan.html,9.0,2020-11-22 21:26:45.807738,,Sekitar 1 Minggu yang lalu,"Kondisi Ade Londok Memprihatinkan, Karier Melesat Kini Terlihat Kusut"
https://www.merdeka.com/trending/viral-pemobil-todong-pistol-ke-ratusan-pemotor-ini-akibatnya-usai-kejar-kejaran-di-j.html,9.0,2020-11-22 21:26:45.864311,,Sekitar 1 Minggu yang lalu,"Pemobil Todong Pistol ke Ratusan Pemotor, Ini Akibatnya Usai Kejar-kejaran"
https://www.merdeka.com/trending/pengakuan-pria-makan-nasi-goreng-rp1-juta-rasanya-bikin-enggak-bisa-berkata-kata.html,9.0,2020-11-22 21:26:45.925049,,Sekitar 1 Minggu yang lalu,"Inilah Pengakuan Pria Makan Nasi Goreng Rp1 Juta, Bagaimana Rasanya?"
https://www.merdeka.com/trending/raffi-ahmad-bikin-lomba-di-kolam-renang-netizen-ribut-soal-bikini-nagita-slavina.html,9.0,2020-11-22 21:26:45.991436,,Sekitar 1 Minggu yang lalu,"Raffi Ahmad Bikin Lomba di Kolam Renang, Netizen Ribut Soal Bikini Nagita Slavina"
https://www.merdeka.com/trending/luna-maya-berduka-cita-rekan-artis-ramai-beri-ucapan.html,9.0,2020-11-22 21:26:46.056515,,Sekitar 1 Minggu yang lalu,"Luna Maya Berduka Cita, Rekan Artis Ramai Beri Ucapan"
https://www.merdeka.com/trending/6-cara-membuat-sup-tomat-yang-menyehatkan-cocok-untuk-diet-kln.html,9.0,2020-11-22 21:26:46.115659,,Sekitar 1 Minggu yang lalu,"6 Cara Membuat Sup Tomat yang Menyehatkan, Cocok untuk Diet"
https://www.merdeka.com/trending/150-nama-bayi-perempuan-bahasa-yunani-bermakna-indah-bak-seorang-bidadari-kln.html,9.0,2020-11-22 21:26:46.176954,,Sekitar 1 Minggu yang lalu,"150 Nama Bayi Perempuan Bahasa Yunani, Bermakna Indah Bak Seorang Bidadari"
https://www.merdeka.com/trending/8-resep-minuman-segar-legakan-tenggorokan-cocok-saat-hawa-panas-menyelimuti-kln.html,9.0,2020-11-22 21:26:46.240130,,Sekitar 1 Minggu yang lalu,"8 Resep Minuman Segar, Legakan Tenggorokan & Cocok Saat Hawa Panas Menyelimuti"
https://www.merdeka.com/trending/7-resep-aneka-olahan-kentang-untuk-anak-lezat-dan-tingkatkan-nafsu-makan-kln.html,9.0,2020-11-22 21:26:46.305413,,Sekitar 1 Minggu yang lalu,"7 Resep Aneka Olahan Kentang untuk Anak, Lezat dan Tingkatkan Nafsu Makan"
https://www.merdeka.com/trending/unsur-intrinsik-dan-ekstrinsik-cerpen-ketahui-definisi-hingga-perbedaannya-kln.html,9.0,2020-11-22 21:26:46.371769,,Sekitar 1 Minggu yang lalu,"Unsur Intrinsik dan Ekstrinsik Cerpen, Ketahui Definisi Hingga Perbedaannya"
https://www.merdeka.com/trending/rekonsiliasi-adalah-bentuk-pemecahan-konflik-ketahui-prinsip-hingga-syaratnya-kln.html,9.0,2020-11-22 21:26:46.433643,,Sekitar 1 Minggu yang lalu,"Rekonsiliasi Adalah Bentuk Pemecahan Konflik, Ketahui Prinsip Hingga Syaratnya"
https://www.merdeka.com/trending/satu-persatu-pejuang-di-kpk-kembali-mundur.html,9.0,2020-11-22 21:26:46.501505,,Sekitar 1 Minggu yang lalu,Satu Persatu Pejuang di KPK Kembali Mundur
https://www.merdeka.com/trending/nagita-slavina-bilang-sayang-ke-kembaran-raffi-ahmad-netizen-auto-baper.html,9.0,2020-11-22 21:26:46.564923,,Sekitar 1 Minggu yang lalu,"Nagita Slavina Bilang Sayang ke 'Kembaran' Raffi Ahmad, Netizen Auto Baper"
https://www.merdeka.com/trending/45-kata-kata-jomblo-lucu-dan-penuh-tawa-bikin-galau-hilang-seketika-kln.html,9.0,2020-11-22 21:26:46.631131,,Sekitar 1 Minggu yang lalu,"45 Kata-kata Jomblo Lucu dan Penuh Tawa, Bikin Galau Hilang Seketika"
https://www.merdeka.com/trending/mengenal-rizki-maulana-anak-mantan-pimpinan-kriminal-kini-jadi-calon-prajurit-tni.html,9.0,2020-11-22 21:26:46.697266,,Sekitar 1 Minggu yang lalu,"Mengenal Rizki Maulana, Anak Mantan Pimpinan Kriminal Kini Jadi Calon Prajurit TNI"
https://www.merdeka.com/trending/potret-wanita-cantik-disebut-mirip-chef-renatta-moeloek-bikin-netizen-gagal-fokus.html,10.0,2020-11-22 21:26:50.697086,"Pemilik akun Tik Tok @meganfaiferin itu disebut mirip dengan Juri MasterChef Indonesia, Chef Renatta Moeloek.",Sekitar 1 Minggu yang lalu,"Potret Wanita Cantik Disebut Mirip Chef Renatta Moeloek, Bikin Netizen Gagal Fokus"
https://www.merdeka.com/trending/sempat-heboh-puan-maharani-akhirnya-akui-matikan-mikrofon-politisi-demokrat.html,10.0,2020-11-22 21:26:50.763953,,Sekitar 1 Minggu yang lalu,"Sempat Heboh, Puan Maharani Akhirnya Akui Matikan Mikrofon Politisi Demokrat"
https://www.merdeka.com/trending/momen-haru-wanita-berikan-nasi-pada-bocah-duduk-terdiam-depan-resto-yang-belum-makan.html,10.0,2020-11-22 21:26:50.826857,,Sekitar 1 Minggu yang lalu,Momen Haru Wanita Berikan Nasi pada Bocah Duduk Terdiam Depan Resto yang Belum Makan
https://www.merdeka.com/trending/kisah-buaya-mati-sampai-dikafani-ada-warga-datang-mengaku-kembaran-cucunya.html,10.0,2020-11-22 21:26:50.897350,,Sekitar 1 Minggu yang lalu,"Kisah Buaya Mati Sampai Dikafani, Ada Warga Datang Mengaku Kembaran Cucunya"
https://www.merdeka.com/trending/muncul-kembaran-gisel-lihat-potretnya-seberapa-mirip.html,10.0,2020-11-22 21:26:50.959161,,Sekitar 1 Minggu yang lalu,"Muncul 'Kembaran' Gisel, Lihat Potretnya Seberapa Mirip?"
https://www.merdeka.com/trending/ini-sosok-kakek-arab-pemberi-warisan-rumah-ke-tki-karena-rajin-salat-subuh-di-masjid.html,10.0,2020-11-22 21:26:51.021290,,Sekitar 1 Minggu yang lalu,Ini Sosok Kakek Arab Pemberi Warisan Rumah ke TKI karena Rajin Salat Subuh di Masjid
https://www.merdeka.com/trending/dituding-menikah-sesama-jenis-key-ikeyda-beberkan-fakta-berkelamin-ganda-sejak-lahir.html,10.0,2020-11-22 21:26:51.086400,,Sekitar 1 Minggu yang lalu,"Dituding Menikah Sesama Jenis, Key Ikeyda Beberkan Fakta Berkelamin Ganda Sejak Lahir"
https://www.merdeka.com/trending/viral-video-cctv-wanita-jatuh-terjungkal-depan-ojol-usai-terima-makanan-malu-banget.html,10.0,2020-11-22 21:26:51.143056,,Sekitar 1 Minggu yang lalu,Viral Video CCTV Wanita Jatuh Terjungkal Depan Ojol Usai Terima Makanan
https://www.merdeka.com/trending/dulu-ramai-dikira-pria-ini-potret-terbaru-aprilia-manganang-usai-pensiun-dari-voli.html,10.0,2020-11-22 21:26:51.207418,,Sekitar 1 Minggu yang lalu,"Dulu Ramai Dikira Pria, Ini Potret Terbaru Aprilia Manganang Usai Pensiun dari Voli"
https://www.merdeka.com/trending/bintang-terang-marsma-tonny-harjono-eks-ajudan-jokowi-promosi-jadi-sekmil-presiden.html,10.0,2020-11-22 21:26:51.268825,,Sekitar 1 Minggu yang lalu,"Bintang Terang Marsma Tonny Harjono, Eks Ajudan Jokowi Promosi jadi Sekmil Presiden"
https://www.merdeka.com/trending/penyakit-anemia-beserta-gejala-hingga-cara-mengatasinya-pahami-agar-tak-berlanjut-kln.html,10.0,2020-11-22 21:26:51.335588,,Sekitar 1 Minggu yang lalu,"Penyakit Anemia Beserta Gejala Hingga Cara Mengatasinya, Pahami Agar Tak Berlanjut"
https://www.merdeka.com/trending/anggota-tni-disanksi-sambut-rizieq-pernah-raih-penghargaan-diberikan-panglima-hadi.html,10.0,2020-11-22 21:26:51.403294,,Sekitar 1 Minggu yang lalu,"Anggota TNI Disanksi Sambut Rizieq Pernah Raih Penghargaan, Diberikan Panglima Hadi"
https://www.merdeka.com/trending/kepanjangan-siup-yakni-surat-izin-usaha-perdagangan-pahami-syarat-cara-membuatnya-kln.html,10.0,2020-11-22 21:26:51.470323,,Sekitar 1 Minggu yang lalu,"Kepanjangan SIUP Yakni Surat Izin Usaha Perdagangan, Pahami Syarat & Cara Membuatnya"
https://www.merdeka.com/trending/rhoma-irama-tertawa-lebar-lihat-alwiansyah-menyanyi-gemas-lihat-ekspresinya.html,10.0,2020-11-22 21:26:51.545497,,Sekitar 1 Minggu yang lalu,"Rhoma Irama Tertawa Lebar Lihat Alwiansyah Menyanyi, Gemas Lihat Ekspresinya"
https://www.merdeka.com/trending/momen-haru-kakak-beradik-tni-bertemu-di-penugasan-tak-pernah-jumpa-usai-pelantikan.html,10.0,2020-11-22 21:26:51.616122,,Sekitar 1 Minggu yang lalu,"Momen Haru Kakak Beradik TNI Bertemu di Penugasan, Tak Pernah Jumpa Usai Pelantikan"
https://www.merdeka.com/trending/tki-dapat-warisan-rumah-dari-warga-arab-sebabnya-karena-rajin-salat-subuh-di-masjid.html,10.0,2020-11-22 21:26:51.685687,,Sekitar 1 Minggu yang lalu,"TKI Dapat Warisan Rumah dari Warga Arab, Sebabnya karena Rajin Salat Subuh di Masjid"
https://www.merdeka.com/trending/bikin-sedih-baru-39-hari-menikah-wanita-ini-harus-ikhlas-ditinggal-suami-meninggal.html,10.0,2020-11-22 21:26:51.757529,,Sekitar 1 Minggu yang lalu,"Bikin Sedih, Baru 39 Hari Menikah Wanita Ini Harus Ikhlas Ditinggal Suami Meninggal"
https://www.merdeka.com/trending/ketakutan-pelaku-begal-kolonel-marinir-menyerahkan-diri-ini-potretnya.html,10.0,2020-11-22 21:26:51.836110,,Sekitar 1 Minggu yang lalu,"Ketakutan, Pelaku Begal Kolonel Marinir Menyerahkan Diri, Ini Potretnya"
https://www.merdeka.com/trending/kembaran-raffi-ahmad-terkejut-kedatangan-orangtua-kakaknya-ramai-jadi-sorotan.html,10.0,2020-11-22 21:26:51.915598,,Sekitar 1 Minggu yang lalu,"'Kembaran' Raffi Ahmad Terkejut Kedatangan Orangtua, Kakaknya Ramai jadi Sorotan"
https://www.merdeka.com/trending/suami-zaskia-gotik-akhirnya-unggah-wajah-bayinya-ini-potretnya-lucu-dan-cantik.html,10.0,2020-11-22 21:26:51.988785,,Sekitar 1 Minggu yang lalu,"Suami Zaskia Gotik Akhirnya Unggah Wajah Bayinya, Ini Potretnya Lucu dan Cantik"
https://www.merdeka.com/trending/tinggalkan-ibu-kota-para-jenderal-polisi-ini-pilih-hidup-di-kampung-jadi-petani.html,11.0,2020-11-22 21:26:56.797473,"Meski memiliki jabatan tinggi di ranah pemerintahan, para jenderal Polisi ini lebih memilih tinggalkan ibu kota dan menjadi seorang petani.",Sekitar 1 Minggu yang lalu,"Tinggalkan Ibu Kota, Para Jenderal Polisi Ini Pilih Hidup di Kampung jadi Petani"
https://www.merdeka.com/trending/5-cara-membuat-cilok-bandung-kenyal-dan-dijamin-anti-gagal-kln.html,11.0,2020-11-22 21:26:56.862434,,Sekitar 1 Minggu yang lalu,"5 Cara Membuat Cilok Bandung, Kenyal dan Dijamin Anti Gagal"
https://www.merdeka.com/trending/bikin-haru-bocah-silver-beli-mie-instan-untuk-ibu-hasil-sendiri-pakai-uang-receh.html,11.0,2020-11-22 21:26:56.926973,,Sekitar 1 Minggu yang lalu,"Bikin Haru, 'Bocah Silver' Belikan Ibu Mi Instan Hasil Keringat Pakai Uang Receh"
https://www.merdeka.com/trending/dinyinyiri-hingga-bawa-bawa-anak-elly-sugigi-murka-gak-main-main.html,11.0,2020-11-22 21:26:56.992385,,Sekitar 1 Minggu yang lalu,"Dinyinyiri Hingga Bawa-Bawa Anak, Elly Sugigi Murka Gak Main-Main"
https://www.merdeka.com/trending/nasi-goreng-sultan-seharga-rp1-juta-begini-penampakannya-bikin-ngiler.html,11.0,2020-11-22 21:26:57.056404,,Sekitar 1 Minggu yang lalu,"Nasi Goreng Sultan Seharga Rp1 Juta, Begini Penampakannya Bikin Ngiler"
https://www.merdeka.com/trending/5-potret-erevano-gebetan-baru-barbie-kumalasari-yang-mirip-galih-ginanjar.html,11.0,2020-11-22 21:26:57.126482,,Sekitar 1 Minggu yang lalu,"5 Potret Erevano, Gebetan Baru Barbie Kumalasari yang Mirip Galih Ginanjar"
https://www.merdeka.com/trending/130-nama-bayi-laki-laki-bahasa-yunani-beserta-artinya-bermakna-dalam-dan-penuh-doa-kln.html,11.0,2020-11-22 21:26:57.195193,,Sekitar 1 Minggu yang lalu,"130 Nama Bayi Laki-Laki Bahasa Yunani Beserta Artinya, Bermakna Dalam dan Penuh Doa"
https://www.merdeka.com/trending/tata-cara-aqiqah-anak-laki-laki-dan-perempuan-lengkap-sesuai-sunnah-agama-islam-kln.html,11.0,2020-11-22 21:26:57.259832,,Sekitar 1 Minggu yang lalu,"Tata Cara Aqiqah Anak Laki-laki dan Perempuan, Lengkap Sesuai Sunnah Agama Islam"
https://www.merdeka.com/trending/viral-anggota-tni-mengaji-alquran-suaranya-merdu-panen-pujian-doa.html,11.0,2020-11-22 21:26:57.332894,,Sekitar 1 Minggu yang lalu,"Viral Anggota TNI Mengaji Alquran, Suaranya Merdu Panen Pujian & Doa"
https://www.merdeka.com/trending/potret-sarwendah-bantu-potong-kuku-betrand-peto-kevin-aprilio-sampai-ikut-komentar.html,11.0,2020-11-22 21:26:57.404405,,Sekitar 1 Minggu yang lalu,"Potret Sarwendah Bantu Potong Kuku Betrand Peto, Kevin Aprilio Sampai Ikut Komentar"
https://www.merdeka.com/trending/4-cara-membuat-pizza-mini-teflon-dan-rumahan-yang-menggugah-selera-kln.html,11.0,2020-11-22 21:26:57.471454,,Sekitar 1 Minggu yang lalu,"4 Cara Membuat Pizza Mini, Teflon dan Rumahan yang Menggugah Selera"
https://www.merdeka.com/trending/tangis-ruben-onsu-pecah-ketemu-pembully-betrand-peto-pelaku-hanya-menunduk.html,11.0,2020-11-22 21:26:57.544788,,Sekitar 1 Minggu yang lalu,"Tangis Ruben Onsu Pecah Ketemu Pem-bully Betrand Peto, Pelaku Hanya Menunduk"
https://www.merdeka.com/trending/mantan-kapolri-sutarman-tampil-beda-ini-potret-terbarunya-saat-ketemu-jokowi.html,11.0,2020-11-22 21:26:57.617919,,Sekitar 1 Minggu yang lalu,"Mantan Kapolri Sutarman Tampil Beda, Ini Potret Terbarunya saat Ketemu Jokowi"
https://www.merdeka.com/trending/35-kata-kata-hari-ayah-nasional-penuh-kasih-sayang-dan-menyentuh-hati-kln.html,11.0,2020-11-22 21:26:57.687158,,Sekitar 1 Minggu yang lalu,"35 Kata-kata Hari Ayah Nasional, Penuh Kasih Sayang dan Menyentuh Hati"
https://www.merdeka.com/trending/viral-wanita-diremehkan-camer-karena-enggak-kerja-pns-beri-pesan-menohok-soal-gaji.html,11.0,2020-11-22 21:26:57.754877,,Sekitar 1 Minggu yang lalu,"Viral Wanita Diremehkan Camer Karena Enggak Kerja PNS, Beri Pesan Menohok Soal Gaji"
https://www.merdeka.com/trending/5-cara-membuat-wanita-nyaman-saat-pdkt-hindari-bertingkah-berlebihan-kln.html,11.0,2020-11-22 21:26:57.829368,,Sekitar 1 Minggu yang lalu,"5 Cara Membuat Wanita Nyaman saat PDKT, Hindari Bertingkah Berlebihan"
https://www.merdeka.com/trending/pengakuan-chika-jessica-yang-dekat-dengan-amec-aris-sampai-bilang-sekarang-cari-suam.html,11.0,2020-11-22 21:26:57.903947,,Sekitar 1 Minggu yang lalu,"Pengakuan Chika Jessica Dekat dengan Amec Aris, Sampai Bilang Sekarang Cari Suami"
https://www.merdeka.com/trending/romantisnya-buluk-superglad-ke-eks-istri-ferry-maryadi-kata-katanya-bikin-meleleh.html,11.0,2020-11-22 21:26:57.975373,,Sekitar 1 Minggu yang lalu,"Romantisnya Buluk Superglad ke Eks Istri Ferry Maryadi, Kata-katanya Bikin Meleleh"
https://www.merdeka.com/trending/10-manfaat-masker-timun-bahan-alami-yang-tak-bisa-diremehkan-kln.html,11.0,2020-11-22 21:26:58.051634,,Sekitar 1 Minggu yang lalu,"10 Manfaat Masker Timun, Bahan Alami yang Tak Bisa Diremehkan"
https://www.merdeka.com/trending/bang-jago-palak-sopir-truk-mau-menyeberang-jembatan-nilainya-lebih-mahal-dari-tol.html,11.0,2020-11-22 21:26:58.127336,,Sekitar 1 Minggu yang lalu,"Bang Jago Palak Sopir Truk Mau Menyeberang Jembatan, Nilainya Lebih Mahal dari Tol"
https://www.merdeka.com/trending/depan-raffi-ahmad-merry-sewot-ke-dimas-kerjaan-kamu-apa-lu-enak-enak-banget-ya.html,12.0,2020-11-22 21:27:01.819503,"Terdapat sebuah momen yang tak kalah menarik di mana memperlihatkan ucapan tak terduga Merry, asisten Raffi yang diberikan kepada Dimas. Ucapan tersebut terlontar ketika Merry memijat badan Raffi Ahmad. Penasaran?",Sekitar 1 Minggu yang lalu,"Depan Raffi Ahmad, Merry Sewot ke Dimas 'Kerjaan Kamu Apa, Lu Enak-enak Banget Ya!'"
https://www.merdeka.com/trending/perjuangan-5-anggota-tni-hingga-raih-pangkat-jenderal-ikuti-jejak-mertua.html,12.0,2020-11-22 21:27:01.870352,,Sekitar 1 Minggu yang lalu,"Perjuangan 5 Anggota TNI Hingga Raih Pangkat Jenderal, Ikuti Jejak Mertua"
https://www.merdeka.com/trending/5-manfaat-jus-belimbing-bagi-kesehatan-bantu-turunkan-berat-badan-kln.html,12.0,2020-11-22 21:27:01.921780,,Sekitar 1 Minggu yang lalu,"5 Manfaat Jus Belimbing Bagi Kesehatan, Bantu Turunkan Berat Badan"
https://www.merdeka.com/trending/ditanya-soal-kembaran-raffi-ahmad-jadi-anak-bungsu-jawaban-mama-amy-bijak-banget.html,12.0,2020-11-22 21:27:01.977358,,Sekitar 1 Minggu yang lalu,"Ditanya Soal 'Kembaran' Raffi Ahmad jadi Anak Bungsu, Jawaban Mama Amy Bijak Banget"
https://www.merdeka.com/trending/dibilang-kalah-montok-wanita-ini-labrak-cewek-yang-didekati-cowoknya.html,12.0,2020-11-22 21:27:02.031713,,Sekitar 1 Minggu yang lalu,"Dibilang Kalah Montok, Wanita Ini Labrak Cewek yang Didekati Cowoknya"
https://www.merdeka.com/trending/6-penyebab-tulang-ekor-sakit-yang-sering-terjadi-dari-kebiasaan-hingga-penyakit-kln.html,12.0,2020-11-22 21:27:02.090193,,Sekitar 1 Minggu yang lalu,"6 Penyebab Tulang Ekor Sakit yang Sering Terjadi, Dari Kebiasaan Hingga Penyakit"
https://www.merdeka.com/trending/syekh-ali-jaber-angkat-akbar-pemulung-jago-ngaji-menjadi-anak-segera-ajak-umrah.html,12.0,2020-11-22 21:27:02.146333,,Sekitar 1 Minggu yang lalu,"Syekh Ali Jaber Angkat Akbar Pemulung Jago Ngaji Menjadi Anak, Segera Ajak Umrah"
https://www.merdeka.com/trending/viral-anggota-tni-tendang-kepala-tukang-ondel-ondel-curi-hp-di-depan-anak-kecil.html,12.0,2020-11-22 21:27:02.207583,,Sekitar 1 Minggu yang lalu,Viral Anggota TNI Tendang Kepala Tukang Ondel-Ondel Curi HP di Depan Anak Kecil
https://www.merdeka.com/trending/polisi-buang-surat-surat-sopir-truk-lalu-debat-panas-langsung-ciut-usai-telepon-oran.html,12.0,2020-11-22 21:27:02.266427,,Sekitar 1 Minggu yang lalu,"Polisi Buang Surat Sopir Truk Lalu Debat Panas, Langsung Ciut Usai Telepon Orang Ini"
https://www.merdeka.com/trending/viral-pria-berjaket-ojol-terekam-cctv-todongkan-senjata-ke-pegawai-spbu.html,12.0,2020-11-22 21:27:02.329912,,Sekitar 1 Minggu yang lalu,Viral Pria Berjaket Ojol Terekam CCTV Todongkan Senjata ke Pegawai SPBU
https://www.merdeka.com/trending/7-penyebab-keputihan-berlebihan-pada-wanita-jangan-pernah-disepelekan-kln.html,12.0,2020-11-22 21:27:02.393050,,Sekitar 1 Minggu yang lalu,"7 Penyebab Keputihan Berlebihan pada Wanita, Jangan Pernah Disepelekan"
https://www.merdeka.com/trending/30-es-hujan-lucu-dan-penuh-tawa-bikin-akun-media-sosial-tambah-seru-kln.html,12.0,2020-11-22 21:27:02.452768,,Sekitar 1 Minggu yang lalu,"30 Quotes Hujan Lucu dan Penuh Tawa, Bikin Akun Media Sosial Tambah Seru"
https://www.merdeka.com/trending/7-resep-yakiniku-jepang-mudah-dan-ala-restoran-mahal-kln.html,12.0,2020-11-22 21:27:02.528875,,Sekitar 1 Minggu yang lalu,"7 Resep Yakiniku Jepang, Mudah dan Ala Restoran Mahal"
https://www.merdeka.com/trending/deretan-pemain-sepak-bola-indonesia-berprofesi-sebagai-polisi-gagah-nan-memesona.html,12.0,2020-11-22 21:27:02.596441,,Sekitar 1 Minggu yang lalu,"Deretan Pemain Sepak Bola Indonesia Berprofesi Sebagai Polisi, Gagah nan Memesona"
https://www.merdeka.com/trending/25-kata-kata-bijak-tentang-mental-bantu-tingkatkan-rasa-percaya-diri-kln.html,12.0,2020-11-22 21:27:02.668404,,Sekitar 1 Minggu yang lalu,"25 Kata-Kata Bijak Tentang Mental, Bantu Tingkatkan Rasa Percaya Diri"
https://www.merdeka.com/trending/prajurit-tni-takbir-dukung-habib-rizieq-begini-nasibnya-kini-diberi-sanksi.html,12.0,2020-11-22 21:27:02.743136,,Sekitar 1 Minggu yang lalu,"Prajurit TNI Takbir & Dukung Habib Rizieq, Begini Nasibnya Kini Diberi Sanksi"
https://www.merdeka.com/trending/ayu-ting-ting-sudah-berani-pamer-kemesraan-rangkul-pundak-pacar-di-restoran.html,12.0,2020-11-22 21:27:02.820665,,Sekitar 1 Minggu yang lalu,"Ayu Ting Ting Sudah Berani Pamer Kemesraan, Rangkul Pundak Pacar di Restoran"
https://www.merdeka.com/trending/7-jenis-makanan-burung-yang-terbaik-tinggi-nutrisi-bagi-peliharaan-kesayangan-kln.html,12.0,2020-11-22 21:27:02.892828,,Sekitar 1 Minggu yang lalu,"7 Jenis Makanan Burung yang Terbaik, Tinggi Nutrisi Bagi Peliharaan Kesayangan"
https://www.merdeka.com/trending/deretan-keturunan-indonesia-yang-jadi-tentara-di-amerika-ada-mantan-miss-indonesia.html,12.0,2020-11-22 21:27:02.967150,,Sekitar 1 Minggu yang lalu,"Deretan Tentara Amerika Keturunan Indonesia, Ada Mantan Miss Indonesia"
https://www.merdeka.com/trending/6-resep-bakso-bakar-yang-menggugah-selera-camilan-praktis-untuk-keluarga-kln.html,12.0,2020-11-22 21:27:03.042015,,Sekitar 1 Minggu yang lalu,"6 Resep Bakso Bakar yang Menggugah Selera, Camilan Praktis untuk Keluarga"
https://www.merdeka.com/trending/emak-emak-di-bima-ngamuk-ke-toko-swalayan-makanan-yang-dimakannya-mengandung-babi.html,13.0,2020-11-22 21:27:07.088821,"Meski berdasarkan hasil investigasi Badan Pengawas Obat dan Makanan (BPOM), produk pangan tersebut masih memiliki izin edar di Tanah Air.",Sekitar 1 Minggu yang lalu,Emak-Emak di Bima Ngamuk ke Toko Swalayan Makanan yang Dimakannya Mengandung Babi
https://www.merdeka.com/trending/disebut-tak-pernah-boncengin-cewek-ariel-noah-beri-jawaban-menohok.html,13.0,2020-11-22 21:27:07.170141,,Sekitar 1 Minggu yang lalu,"Disebut Tak Pernah Boncengin Cewek, Ariel Noah Beri Jawaban Menohok"
https://www.merdeka.com/trending/video-haru-wanita-berikan-kado-hp-pada-ayah-tiri-bahagia-meski-bukan-anak-kandung.html,13.0,2020-11-22 21:27:07.245362,,Sekitar 1 Minggu yang lalu,"Video Haru Wanita Berikan Kado HP pada Ayah Tiri, Bahagia Meski Bukan Anak Kandung"
https://www.merdeka.com/trending/inilah-3-macam-tauhid-menurut-ibnu-taimiyah-kln.html,13.0,2020-11-22 21:27:07.315253,,Sekitar 1 Minggu yang lalu,Inilah 3 Macam Tauhid Menurut Ibnu Taimiyah
https://www.merdeka.com/trending/8-macam-teori-belajar-yang-bisa-diterapkan-bantu-tingkatkan-ilmu-dan-prestasi-kln.html,13.0,2020-11-22 21:27:07.393109,,Sekitar 1 Minggu yang lalu,"8 Macam Teori Belajar yang Bisa Diterapkan, Bantu Tingkatkan Ilmu dan Prestasi"
https://www.merdeka.com/trending/ingat-chunchun-meares-putra-ponorogo-jadi-tentara-al-di-amerika-ini-kabar-terbarunya.html,13.0,2020-11-22 21:27:07.464292,,Sekitar 1 Minggu yang lalu,"Ingat Chunchun Meares Putra Ponorogo Jadi Tentara AL di Amerika, Ini Kabar Terbarunya"
https://www.merdeka.com/trending/unggah-potret-sosok-wanita-nicholas-saputra-bikin-netizen-patah-hati.html,13.0,2020-11-22 21:27:07.534992,,Sekitar 1 Minggu yang lalu,"Unggah Potret Sosok Wanita, Nicholas Saputra Bikin Netizen Patah Hati"
https://www.merdeka.com/trending/para-menantu-jenderal-ini-bapaknya-bukan-orang-sembarangan-ada-juga-yang-jenderal.html,13.0,2020-11-22 21:27:07.610692,,Sekitar 1 Minggu yang lalu,"Para Menantu Jenderal Ini Bapaknya Bukan Orang Sembarangan, Ada juga yang Jenderal"
https://www.merdeka.com/trending/7-cara-menebalkan-bulu-mata-secara-alami-mudah-dan-hasil-permanen-kln.html,13.0,2020-11-22 21:27:07.681687,,Sekitar 1 Minggu yang lalu,"7 Cara Menebalkan Bulu Mata Secara Alami, Mudah dan Hasil Permanen"
https://www.merdeka.com/trending/tanggapan-jessica-iskandar-soal-video-panas-yang-disebut-mirip-dirinya.html,13.0,2020-11-22 21:27:07.753036,,Sekitar 1 Minggu yang lalu,Tanggapan Jessica Iskandar Soal Video Panas yang Disebut Mirip Dirinya
https://www.merdeka.com/trending/nasihat-luna-maya-buat-kembaran-raffi-ahmad-enggak-mau-jadi-kaum-rebahan.html,13.0,2020-11-22 21:27:07.825353,,Sekitar 1 Minggu yang lalu,Nasihat Luna Maya buat Kembaran Raffi Ahmad Enggak Mau jadi 'Kaum Rebahan'
https://www.merdeka.com/trending/cara-mengetahui-masa-subur-yang-akurat-ketahui-agar-tak-salah-hitungan-kln.html,13.0,2020-11-22 21:27:07.895043,,Sekitar 1 Minggu yang lalu,"Cara Mengetahui Masa Subur yang Akurat, Ketahui Agar Tak Salah Hitungan"
https://www.merdeka.com/trending/potret-miris-pensiunan-polisi-rumah-hampir-roboh-anak-cacat-cucu-sakit-parah.html,13.0,2020-11-22 21:27:07.970444,,Sekitar 1 Minggu yang lalu,"Potret Miris Purnawirawan Polisi, Rumah Hampir Roboh, Anak Cacat & Cucu Sakit Parah"
https://www.merdeka.com/trending/potret-cantik-joanina-rachma-anak-moeldoko-terjun-langsung-jadi-sahabat-umkm.html,13.0,2020-11-22 21:27:08.041533,,Sekitar 1 Minggu yang lalu,"Potret Cantik Joanina Rachma, Anak Moeldoko Terjun Langsung Jadi Sahabat UMKM"
https://www.merdeka.com/trending/viral-wanita-ketemu-selingkuhan-pacarnya-saat-main-tik-tok-nyesek-banget.html,13.0,2020-11-22 21:27:08.112514,,Sekitar 1 Minggu yang lalu,"Viral Wanita Ketemu Selingkuhan Pacarnya Saat Main Tik Tok, Nyesek Banget"
https://www.merdeka.com/trending/datang-malam-hari-ini-potret-anies-baswedan-temui-rizieq-shihab-di-rumahnya.html,13.0,2020-11-22 21:27:08.186889,,Sekitar 1 Minggu yang lalu,"Datang Malam Hari, Ini Potret Anies Baswedan Temui Rizieq Syihab di Rumahnya"
https://www.merdeka.com/trending/inilah-proses-pencernaan-makanan-beserta-anatominya-yang-harus-dipahami-kln.html,13.0,2020-11-22 21:27:08.259912,,Sekitar 1 Minggu yang lalu,Inilah Proses Pencernaan Makanan Beserta Anatominya yang Harus Dipahami
https://www.merdeka.com/trending/ilc-bahas-kepulangan-rizieq-batal-fadli-zon-curiga-ada-telepon-gaib-ke-karni-ilyas.html,13.0,2020-11-22 21:27:08.332031,,Sekitar 1 Minggu yang lalu,"ILC Bahas Kepulangan Rizieq Batal, Fadli Zon Curiga Ada Telepon Gaib ke Karni Ilyas"
https://www.merdeka.com/trending/ini-rencana-besar-raffi-ahmad-buat-kembarannya-denny-cagur-sampai-geleng-geleng.html,13.0,2020-11-22 21:27:08.402930,,Sekitar 1 Minggu yang lalu,"Ini Rencana Besar Raffi Ahmad buat 'Kembarannya', Denny Cagur Sampai Geleng-geleng"
https://www.merdeka.com/trending/potret-pramugari-cantik-ramai-ramai-jalan-kaki-menuju-bandara-soekarno-hatta.html,13.0,2020-11-22 21:27:08.479379,,Sekitar 1 Minggu yang lalu,Potret Pramugari Cantik Ramai-Ramai Jalan Kaki Menuju Bandara Soekarno Hatta
https://www.merdeka.com/trending/viral-babinsa-tni-punya-badan-berotot-bak-ade-rai-11-12-sama-jenderal-andika-perkasa.html,14.0,2020-11-22 21:27:12.435470,"Tak hanya Jenderal Andika, ternyata ada pula seorang Babinsa yang memiliki badan kekar berotot bak Ade Rai.",Sekitar 1 Minggu yang lalu,"Viral Babinsa TNI Punya Badan Berotot Bak Ade Rai, 11 12 sama Jenderal Andika Perkasa"
https://www.merdeka.com/trending/30-kata-kata-kopi-lucu-bikin-waktu-bersantai-semakin-ceria-kln.html,14.0,2020-11-22 21:27:12.503596,,Sekitar 1 Minggu yang lalu,"30 Kata-kata Kopi Lucu, Bikin Waktu Bersantai Semakin Ceria"
https://www.merdeka.com/trending/pria-ini-lakukan-pemanasan-seperti-akan-berkelahi-ternyata-ini-yang-dilakukannya.html,14.0,2020-11-22 21:27:12.570333,,Sekitar 1 Minggu yang lalu,"Pria Ini Lakukan Pemanasan Seperti akan Berkelahi, Ternyata Ini yang Dilakukannya"
https://www.merdeka.com/trending/8-ciri-ciri-anak-autis-yang-dapat-diamati-pahami-dan-deteksi-lebih-dini-kln.html,14.0,2020-11-22 21:27:12.639035,,Sekitar 1 Minggu yang lalu,"8 Ciri-ciri Anak Autis yang Dapat Diamati, Pahami dan Deteksi Lebih Dini"
https://www.merdeka.com/trending/7-pemain-sepakbola-indonesia-berprofesi-sebagai-tni-layak-jadi-pria-idaman.html,14.0,2020-11-22 21:27:12.713052,,Sekitar 1 Minggu yang lalu,"7 Pemain Sepakbola Indonesia Berprofesi Sebagai TNI, Layak Jadi Pria Idaman"
https://www.merdeka.com/trending/25-nama-bayi-perempuan-terinspirasi-dari-pahlawan-penuh-doa-dan-makna-kln.html,14.0,2020-11-22 21:27:12.782919,,Sekitar 1 Minggu yang lalu,"25 Nama Bayi Perempuan Terinspirasi dari Pahlawan, Penuh Doa dan Makna"
https://www.merdeka.com/trending/6-cara-membuat-lontong-yang-mudah-pulen-dan-dijamin-anti-gagal-kln.html,14.0,2020-11-22 21:27:12.857401,,Sekitar 1 Minggu yang lalu,"6 Cara Membuat Lontong yang Mudah, Pulen dan Dijamin Anti Gagal"
https://www.merdeka.com/trending/potret-glamor-prilly-latuconsina-makan-di-warung-pinggir-jalan-banjir-pujian.html,14.0,2020-11-22 21:27:12.931233,,Sekitar 1 Minggu yang lalu,"Potret Glamor Prilly Latuconsina Makan di Warung Pinggir Jalan, Banjir Pujian"
https://www.merdeka.com/trending/mau-bisnis-sama-kembaran-raffi-ahmad-urusannya-sama-cewek-cantik-ini.html,14.0,2020-11-22 21:27:13.002348,,Sekitar 1 Minggu yang lalu,"Mau Bisnis sama Kembaran Raffi Ahmad, Urusannya sama Cewek Cantik Ini"
https://www.merdeka.com/trending/5-cara-membuat-nugget-tahu-sederhana-krispi-dan-dijamin-kelezatannya-kln.html,14.0,2020-11-22 21:27:13.074147,,Sekitar 1 Minggu yang lalu,"5 Cara Membuat Nugget Tahu Sederhana, Krispi dan Dijamin Kelezatannya"
https://www.merdeka.com/trending/momen-ariel-noah-foto-bareng-al-ghazali-bikin-netizen-mendadak-halu.html,14.0,2020-11-22 21:27:13.151393,,Sekitar 1 Minggu yang lalu,"Momen Ariel Noah Foto Bareng Al Ghazali, Bikin Netizen Mendadak Halu"
https://www.merdeka.com/trending/kejutan-rombongan-raffi-ahmad-di-akhir-liburan-buat-pak-tinus-loncat-kegirangan.html,14.0,2020-11-22 21:27:13.234533,,Sekitar 1 Minggu yang lalu,Kejutan Rombongan Raffi Ahmad di Akhir Liburan buat Pak Tinus Loncat Kegirangan
https://www.merdeka.com/trending/tujuan-ekonomi-islam-dalam-perdagangan-ketahui-agar-tak-salah-arah-kln.html,14.0,2020-11-22 21:27:13.312447,,Sekitar 1 Minggu yang lalu,"Tujuan Ekonomi Islam dalam Perdagangan, Ketahui Agar Tak Salah Arah"
https://www.merdeka.com/trending/viral-puluhan-ikan-cupang-hias-ini-digoreng-di-atas-wajan-bikin-miris.html,14.0,2020-11-22 21:27:13.385575,,Sekitar 1 Minggu yang lalu,"Viral Puluhan Ikan Cupang Hias Ini Digoreng di Atas Wajan, Bikin Miris"
https://www.merdeka.com/trending/polisi-wanita-jadi-badut-mickey-mouse-pas-ketemu-anak-bikin-banjir-air-mata.html,14.0,2020-11-22 21:27:13.468500,,Sekitar 1 Minggu yang lalu,"Polisi Wanita jadi Badut Mickey Mouse, Pas Ketemu Anak Bikin Banjir Air Mata"
https://www.merdeka.com/trending/5-bahaya-begadang-bagi-kesehatan-tubuh-bisa-turunkan-kemampuan-berpikir-kln.html,14.0,2020-11-22 21:27:13.547806,,Sekitar 1 Minggu yang lalu,"5 Bahaya Begadang Bagi Kesehatan Tubuh, Bisa Turunkan Kemampuan Berpikir"
https://www.merdeka.com/trending/syahrini-ungkap-akan-segera-jalani-program-hamil-reino-barrack-setuju-banget.html,14.0,2020-11-22 21:27:13.623765,,Sekitar 1 Minggu yang lalu,"Syahrini Ungkap Segera Jalani Program Hamil, Reino Barrack Setuju Banget"
https://www.merdeka.com/trending/video-jalan-bandara-soekarno-hatta-penuh-lautan-manusia-pendukung-habib-rizieq-shihab.html,14.0,2020-11-22 21:27:13.702384,,Sekitar 1 Minggu yang lalu,Video Jalan Bandara Soekarno Hatta Penuh Lautan Manusia Pendukung Habib Rizieq Shihab
https://www.merdeka.com/trending/7-orang-ini-ternyata-cucu-pahlawan-nasional-ada-artis-sampai-politisi.html,14.0,2020-11-22 21:27:13.780105,,Sekitar 1 Minggu yang lalu,"7 Orang Ini Ternyata Cucu Pahlawan Nasional, Ada Artis Sampai Politisi"
https://www.merdeka.com/trending/viral-video-balita-bantu-ibunya-jualan-baju-celotehannya-bikin-gemas.html,14.0,2020-11-22 21:27:13.860505,,Sekitar 1 Minggu yang lalu,"Viral Video Balita Bantu Ibunya Jualan Baju, Celotehannya Bikin Gemas"
https://www.merdeka.com/trending/6-manfaat-kulit-pisang-untuk-wajah-salah-satunya-dapat-mengurangi-kerutan-kln.html,15.0,2020-11-22 21:27:17.764392,Manfaat kulit pisang untuk wajah tidak banyak diketahui oleh sebagian besar orang. Salah satu manfaat yang dapat diperoleh dari kulit pisang adalah sebagai bahan alami untuk menjaga kecantikan kulit wajah.,Sekitar 1 Minggu yang lalu,"6 Manfaat Kulit Pisang untuk Wajah, Salah Satunya Dapat Mengurangi Kerutan"
https://www.merdeka.com/trending/pahami-tujuan-negara-republik-indonesia-menurut-undang-undang-dasar-1945-kln.html,15.0,2020-11-22 21:27:17.817297,,Sekitar 1 Minggu yang lalu,Pahami Tujuan Negara Republik Indonesia Menurut Undang-Undang Dasar 1945
https://www.merdeka.com/trending/foto-foto-terbaru-dari-bandara-soekarno-hatta-massa-pro-rizieq-terus-berdatangan.html,15.0,2020-11-22 21:27:17.870587,,Sekitar 1 Minggu yang lalu,"Foto-Foto Terbaru Sekitar Soekarno-Hatta, Massa Pro Rizieq Terus Merangsek ke Bandara"
https://www.merdeka.com/trending/raffi-ahmad-main-kuda-kudaan-di-laut-sumba-teriakan-nagita-slavina-curi-perhatian.html,15.0,2020-11-22 21:27:17.921660,,Sekitar 1 Minggu yang lalu,"Raffi Ahmad Main Kuda-Kudaan di Laut Sumba, Teriakan Nagita Slavina Curi Perhatian"
https://www.merdeka.com/trending/momen-gemas-anak-pertama-chelsea-olivia-sayang-adik-bayi-kupingnya-sampai-disedot.html,15.0,2020-11-22 21:27:17.977530,,Sekitar 1 Minggu yang lalu,"Momen Gemas Anak Pertama Chelsea Olivia Sayang Adik Bayi, Kupingnya Sampai Disedot"
https://www.merdeka.com/trending/tiga-bulan-menikah-wanita-cantik-ini-curhat-tak-dinafkahi-sekarang-mau-dicerai.html,15.0,2020-11-22 21:27:18.029497,,Sekitar 1 Minggu yang lalu,"Tiga Bulan Menikah Wanita Cantik Ini Curhat Tak Dinafkahi, Sekarang Mau Dicerai"
https://www.merdeka.com/trending/buntut-anggota-tni-saweran-biaya-rs-bayi-baru-lahir-jenderal-andika-lakukan-hal-ini.html,15.0,2020-11-22 21:27:18.086620,,Sekitar 1 Minggu yang lalu,"Buntut Anggota TNI Saweran Biaya RS Bayi Baru Lahir, Jenderal Andika Lakukan Hal Ini"
https://www.merdeka.com/trending/raffi-ahmad-rencana-ajak-orangtua-kembaran-liburan-netizen-dibuat-merinding.html,15.0,2020-11-22 21:27:18.142320,,Sekitar 1 Minggu yang lalu,"Raffi Ahmad Rencana Ajak Orangtua 'Kembaran' Liburan, Netizen Dibuat Merinding"
https://www.merdeka.com/trending/kenali-manfaat-antibiotik-dan-waktu-yang-tepat-digunakan-tak-bisa-sembarang-konsumsi-kln.html,15.0,2020-11-22 21:27:18.199465,,Sekitar 1 Minggu yang lalu,"Kenali Manfaat Antibiotik dan Waktu yang Tepat Digunakan, Tak Bisa Sembarang Konsumsi"
https://www.merdeka.com/trending/viral-diduga-bang-jago-ngeyel-ke-tni-kondisinya-babak-belurkomen-bijak-malah-dibully.html,15.0,2020-11-22 21:27:18.255012,,Sekitar 1 Minggu yang lalu,"Viral Diduga Bang Jago Ngeyel ke TNI Kondisinya Babak Belur,Komen Bijak Malah Dibully"
https://www.merdeka.com/trending/potret-anak-zaskia-gotik-namanya-arsila-bungalia-sirkiani.html,15.0,2020-11-22 21:27:18.311478,,Sekitar 1 Minggu yang lalu,"Potret Anak Zaskia Gotik, Namanya Arsila Bungalia Sirkiani"
https://www.merdeka.com/trending/strategi-eropa-membuka-sekolah-di-masa-pandemi-covid-19.html,15.0,2020-11-22 21:27:18.371603,,Sekitar 1 Minggu yang lalu,Strategi Eropa Membuka Sekolah di Masa Pandemi Covid-19
https://www.merdeka.com/trending/mengenal-sistem-sekolah-di-masa-pandemi-covid-19.html,15.0,2020-11-22 21:27:18.428916,,Sekitar 1 Minggu yang lalu,Mengenal Sistem Sekolah di Masa Pandemi Covid-19
https://www.merdeka.com/trending/mengenal-tanaman-penyebab-leukimia-atau-pohon-dolar-fakta-hingga-cara-merawatnya-kln.html,15.0,2020-11-22 21:27:18.488519,,Sekitar 1 Minggu yang lalu,"Mengenal Tanaman Penyebab Leukimia atau Pohon Dolar, Fakta hingga Cara Merawatnya"
https://www.merdeka.com/trending/raffi-ahmad-gelar-party-di-sumba-spesial-pesta-lajang-luna-maya-akan-nikah.html,15.0,2020-11-22 21:27:18.547538,,Sekitar 1 Minggu yang lalu,"Intip Keseruan Party di Sumba Spesial 'Pesta Lajang' Luna Maya, Nikah Tahun Depan?"
https://www.merdeka.com/trending/jarang-tersorot-ini-potret-kediaman-habib-syech-bin-abdul-qodir-assegaf.html,15.0,2020-11-22 21:27:18.611744,,Sekitar 1 Minggu yang lalu,"Jarang Tersorot, Ini Potret Kediaman Habib Syech Bin Abdul Qodir Assegaf"
https://www.merdeka.com/trending/potret-manis-anak-arzetti-bilbina-jarang-tersorot-kini-jalani-pendidikan-militer.html,15.0,2020-11-22 21:27:18.671965,,Sekitar 1 Minggu yang lalu,"Potret Gagah Anak Arzetti Bilbina Jarang Tersorot, Kini jadi Siswa Taruna Nusantara"
https://www.merdeka.com/trending/6-gejala-awal-kanker-serviks-hingga-cara-mencegahnya-wanita-perlu-tahu-kln.html,15.0,2020-11-22 21:27:18.734301,,Sekitar 1 Minggu yang lalu,"6 Gejala Awal Kanker Serviks Hingga Cara Mencegahnya, Wanita Perlu Tahu"
https://www.merdeka.com/trending/100-kata-bijak-dan-ucapan-selamat-hari-pahlawan-bangkitkan-semangat-para-pejuang-kln.html,15.0,2020-11-22 21:27:18.799481,,Sekitar 1 Minggu yang lalu,"100 Kata Bijak dan Ucapan Selamat Hari Pahlawan, Bangkitkan Semangat Para Pejuang"
https://www.merdeka.com/trending/disebut-terlalu-memuji-suami-maia-estianty-beri-jawaban-menohok.html,15.0,2020-11-22 21:27:18.863361,,Sekitar 1 Minggu yang lalu,"Disebut Terlalu Memuji Suami, Maia Estianty Beri Jawaban Menohok"
