category,last_update,link,scraped_at,timestamp,title
detikSport,"Terakhir update : Minggu, 22 November 2020 19:27 WIB",https://sport.detik.com/moto-gp/d-5265334/link-live-streaming-trans7-motogp-portugal-2020,2020-11-22 20:27:36.458759,1606039205,Link Live Streaming Trans7 MotoGP Portugal 2020
detikNews,"Terakhir update : Minggu, 22 November 2020 19:27 WIB",https://news.detik.com/berita/d-5265451/kodam-jaya-jelaskan-soal-penumpang-wanita-di-ranpur-tni-saat-penertiban-baliho,2020-11-22 20:27:36.558240,1606043881,Kodam Jaya Jelaskan soal Penumpang Wanita di Ranpur TNI Saat Penertiban Baliho
Sepakbola,"Terakhir update : Minggu, 22 November 2020 19:27 WIB",https://sport.detik.com/sepakbola/liga-inggris/d-5265393/harry-kane-mengubah-cara-pandang-terhadap-striker,2020-11-22 20:27:36.641645,1606042809,Harry Kane Mengubah Cara Pandang terhadap Striker
detikHot,"Terakhir update : Minggu, 22 November 2020 19:27 WIB",https://hot.detik.com/celeb/d-5265276/naik-moge-nikita-mirzani-keliling-nyopotin-baliho,2020-11-22 20:27:36.729012,1606034567,"Naik Moge, Nikita Mirzani: Keliling Nyopotin Baliho"
detikNews,"Terakhir update : Minggu, 22 November 2020 19:27 WIB",https://news.detik.com/berita/d-5265418/polisi-semprot-disinfektan-di-petamburan-gang-rumah-hrs-dijaga-laskar-fpi,2020-11-22 20:27:36.806905,1606042443,"Polisi Semprot Disinfektan di Petamburan, Gang Rumah HRS Dijaga Laskar FPI"
detikNews,"Terakhir update : Minggu, 22 November 2020 19:27 WIB",https://news.detik.com/berita/d-5265465/pdip-heran-jk-bicara-soal-kekosongan-kepemimpinan-saat-bahas-habib-rizieq,2020-11-22 20:27:36.958911,1606044968,PDIP Heran JK Bicara soal 'Kekosongan Kepemimpinan' saat Bahas Habib Rizieq
detikHot,"Terakhir update : Minggu, 22 November 2020 19:27 WIB",https://hot.detik.com/celeb/d-5265399/jawaban-slamet-maarif-soal-nikita-mirzani-yang-geram-dengan-doa-habib-rizieq,2020-11-22 20:27:37.029340,1606043011,Jawaban Slamet Maarif Soal Nikita Mirzani yang Geram dengan Doa Habib Rizieq
detikNews,"Terakhir update : Minggu, 22 November 2020 19:27 WIB",https://news.detik.com/berita/d-5265417/jk-bicara-kekosongan-kepemimpinan-golkar-soroti-anies,2020-11-22 20:27:37.101247,1606042422,"JK Bicara 'Kekosongan Kepemimpinan', Golkar Soroti Anies"
detikNews,"Terakhir update : Minggu, 22 November 2020 19:27 WIB",https://news.detik.com/berita/d-5265481/kapolsek-wakapolsek-tanah-abang-positif-covid-19-kapolda-doakan-kesembuhan,2020-11-22 20:27:37.171096,1606046508,"Kapolsek-Wakapolsek Tanah Abang Positif COVID-19, Kapolda Doakan Kesembuhan"
Sepakbola,"Terakhir update : Minggu, 22 November 2020 19:27 WIB",https://sport.detik.com/sepakbola/liga-inggris/d-5265379/entah-apa-jadinya-man-united-tanpa-bruno-fernandes,2020-11-22 20:27:37.241495,1606041037,Entah Apa Jadinya Man United Tanpa Bruno Fernandes
detikHealth,"Terakhir update : Minggu, 22 November 2020 19:27 WIB",https://health.detik.com/berita-detikhealth/d-5265428/kemenkes-temukan-50-kasus-positif-covid-19-tebet-30-di-petamburan,2020-11-22 20:27:37.320756,1606042723,"Kemenkes Temukan 50 Kasus Positif COVID-19 Tebet, 30 di Petamburan"
detikOto,"Terakhir update : Minggu, 22 November 2020 19:27 WIB",https://oto.detik.com/rona-roda/d-5265370/ini-moge-yang-dipakai-nikita-mirzani-keliling-copot-baliho,2020-11-22 20:27:37.394897,1606039586,Ini Moge yang Dipakai Nikita Mirzani Keliling Copot Baliho
detikOto,"Terakhir update : Minggu, 22 November 2020 19:27 WIB",https://oto.detik.com/otosport/d-5265482/link-live-streaming-motogp-portugal-saksikan-di-sini,2020-11-22 20:27:37.462354,1606046562,"Link Live Streaming MotoGP Portugal, Saksikan di Sini"
detikFood,"Terakhir update : Minggu, 22 November 2020 19:27 WIB",https://food.detik.com/info-kuliner/d-5265364/hii-jorok-penjual-mie-ayam-ini-cuci-alat-makan-di-kuah-kaldu,2020-11-22 20:27:37.531314,1606037553,Hii Jorok! Penjual Mie Ayam Ini 'Cuci' Alat Makan di Kuah Kaldu
Wolipop,"Terakhir update : Minggu, 22 November 2020 19:27 WIB",https://wolipop.detik.com/love/d-5265228/tes-kepribadian-gambar-laut-atau-pasangan-yang-pertama-kali-kamu-lihat,2020-11-22 20:27:37.599515,1606041033,Tes Kepribadian: Gambar Laut atau Pasangan yang Pertama Kali Kamu Lihat?
Wolipop,"Terakhir update : Minggu, 22 November 2020 19:27 WIB",https://wolipop.detik.com/worklife/d-5265213/kisah-3-wni-yang-pindah-kewarganegaraan-ini-proses-yang-dijalani,2020-11-22 20:27:37.665306,1606033855,"Kisah 3 WNI yang Pindah Kewarganegaraan, Ini Proses yang Dijalani"
detikFood,"Terakhir update : Minggu, 22 November 2020 19:27 WIB",https://food.detik.com/info-kuliner/d-5264622/pesan-makanan-sampai-rp-1-juta-malah-dikirim-air-kencing,2020-11-22 20:27:37.730025,1606046400,"Pesan Makanan Sampai Rp 1 Juta, Malah Dikirim Air Kencing"
detikHealth,"Terakhir update : Minggu, 22 November 2020 19:27 WIB",https://health.detik.com/berita-detikhealth/d-5265480/antisipasi-kemenkes-hadapi-lonjakan-kasus-corona-dari-kerumunan-habib-rizieq,2020-11-22 20:27:37.794914,1606046426,Antisipasi Kemenkes Hadapi Lonjakan Kasus Corona dari Kerumunan Habib Rizieq
detikOto,"Terakhir update : Minggu, 22 November 2020 19:27 WIB",https://oto.detik.com/berita/d-5265374/makin-banyak-motor-pakai-keyless-kunci-biasa-bakal-punah,2020-11-22 20:27:37.864118,1606043444,"Makin Banyak Motor Pakai Keyless, Kunci Biasa Bakal Punah?"
detikOto,"Terakhir update : Minggu, 22 November 2020 19:27 WIB",https://oto.detik.com/motor/d-5265280/sultan-ini-orang-ri-pertama-pemilik-cbr1000rr-r-fireblade-rp-11-miliar,2020-11-22 20:27:37.930161,1606033266,"Sultan! Ini Orang RI Pertama Pemilik CBR1000RR-R Fireblade Rp 1,1 Miliar"
detikNews,"Terakhir update : Minggu, 22 November 2020 19:26 WIB",https://news.detik.com/berita/d-5265430/tni-copot-baliho-hrs-wagub-dki-tugas-dan-tanggung-jawab-satpol-pp,2020-11-22 20:27:42.020702,1606042780,"TNI Copot Baliho HRS, Wagub DKI: Tugas dan Tanggung Jawab Satpol PP"
detikNews,"Terakhir update : Minggu, 22 November 2020 19:26 WIB",https://news.detik.com/berita/d-5265404/suara-orang-tua-soal-sekolah-boleh-buka-lagi-anak-anak-sudah-bosan-di-rumah,2020-11-22 20:27:42.091635,1606040755,Suara Orang Tua soal Sekolah Boleh Buka Lagi: Anak-anak Sudah Bosan di Rumah
detikNews,"Terakhir update : Minggu, 22 November 2020 19:26 WIB",https://news.detik.com/berita/d-5265444/update-tracing-kerumunan-hrs-50-positif-corona-di-tebet-30-di-petamburan,2020-11-22 20:27:42.164147,1606043187,"Update Tracing Kerumunan HRS: 50 Positif Corona di Tebet, 30 di Petamburan"
detikNews,"Terakhir update : Minggu, 22 November 2020 19:26 WIB",https://news.detik.com/berita-jawa-timur/d-5265396/pengakuan-pembunuh-mandor-dendam-hingga-celurit-nancap-di-dada-korban,2020-11-22 20:27:42.237185,1606039860,"Pengakuan Pembunuh Mandor, Dendam Hingga Celurit Nancap di Dada Korban"
detikNews,"Terakhir update : Minggu, 22 November 2020 19:26 WIB",https://news.detik.com/berita/d-5265412/kapolda-metro-dan-kasdam-jaya-cek-rapid-test-gratis-di-petamburan,2020-11-22 20:27:42.313182,1606041424,Kapolda Metro dan Kasdam Jaya Cek Rapid Test Gratis di Petamburan
detikNews,"Terakhir update : Minggu, 22 November 2020 19:26 WIB",https://news.detik.com/berita/d-5265222/fpi-pemerintah-tak-usah-repot-tes-swab-habib-rizieq-ada-tim-hilmi-dan-mer-c,2020-11-22 20:27:42.381378,1606028203,"FPI: Pemerintah Tak Usah Repot Tes Swab Habib Rizieq, Ada Tim HILMI dan Mer-C"
detikNews,"Terakhir update : Minggu, 22 November 2020 19:26 WIB",https://news.detik.com/berita/d-5265390/debat-panas-soal-margondasentris-pradi-afifah-dan-idris-imam-saling-sindir,2020-11-22 20:27:42.452246,1606038955,"Debat Panas soal Margondasentris, Pradi-Afifah dan Idris-Imam Saling Sindir"
detikNews,"Terakhir update : Minggu, 22 November 2020 19:26 WIB",https://news.detik.com/berita/d-5265268/anies-unggah-foto-baca-buku-how-democracies-die,2020-11-22 20:27:42.520789,1606032060,Anies Unggah Foto Baca Buku 'How Democracies Die'
detikNews,"Terakhir update : Minggu, 22 November 2020 19:26 WIB",https://news.detik.com/berita-jawa-timur/d-5265367/ini-motif-di-balik-dibunuhnya-mandor-proyek-saat-sambangi-istri-siri,2020-11-22 20:27:42.587618,1606037829,Ini Motif di Balik Dibunuhnya Mandor Proyek Saat Sambangi Istri Siri
detikNews,"Terakhir update : Minggu, 22 November 2020 19:26 WIB",https://news.detik.com/foto-news/d-5265455/petamburan-disemprot-disinfektan-imbas-kerumunan-massa-habib-rizieq,2020-11-22 20:27:42.656222,1606044767,Petamburan Disemprot Disinfektan Imbas Kerumunan Massa Habib Rizieq
detikNews,"Terakhir update : Minggu, 22 November 2020 19:26 WIB",https://news.detik.com/berita/d-5265454/kemenkes-imbau-warga-di-kerumunan-hrs-lakukan-isolasi-mandiri,2020-11-22 20:27:42.739283,1606044526,Kemenkes Imbau Warga di Kerumunan HRS Lakukan Isolasi Mandiri
detikNews,"Terakhir update : Minggu, 22 November 2020 19:26 WIB",https://news.detik.com/berita/d-5265388/denny-cagur-sampai-ayu-azhari-gabung-ke-pan-dki,2020-11-22 20:27:42.805069,1606038845,Denny Cagur sampai Ayu Azhari Gabung ke PAN DKI
detikNews,"Terakhir update : Minggu, 22 November 2020 19:26 WIB",https://news.detik.com/berita/d-5265450/salman-hormati-bawaslu-medan-teruskan-dugaan-kampanye-di-masjid-ke-polisi,2020-11-22 20:27:42.874811,1606043709,Salman Hormati Bawaslu Medan Teruskan Dugaan Kampanye di Masjid ke Polisi
detikNews,"Terakhir update : Minggu, 22 November 2020 19:26 WIB",https://news.detik.com/berita/d-5265443/pan-dki-cukup-satpol-pp-turunkan-baliho-hrs-tni-polri-dampingi-saja,2020-11-22 20:27:42.945941,1606042990,"PAN DKI: Cukup Satpol PP Turunkan Baliho HRS, TNI-Polri Dampingi Saja"
detikNews,"Terakhir update : Minggu, 22 November 2020 19:26 WIB",https://news.detik.com/berita-jawa-timur/d-5265314/satu-keluarga-viral-curi-kotak-amal-ditangkap-polisi-hanya-tahan-bapak,2020-11-22 20:27:43.013756,1606035195,"Satu Keluarga Viral Curi Kotak Amal Ditangkap, Polisi Hanya Tahan Bapak"
detikFinance,"Terakhir update : Minggu, 22 November 2020 19:27 WIB",https://finance.detik.com/berita-ekonomi-bisnis/d-5265474/menghitung-pajak-reklame-yang-ramai-gara-gara-baliho-rizieq-dicopot,2020-11-22 20:27:46.945845,1606046341,Menghitung Pajak Reklame yang Ramai Gara-gara Baliho Rizieq Dicopot
detikFinance,"Terakhir update : Minggu, 22 November 2020 19:27 WIB",https://finance.detik.com/energi/d-5265401/promo-pertalite-harga-premium-sudah-beredar-di-64-kota-ini-daftarnya,2020-11-22 20:27:47.044544,1606041707,"Promo Pertalite Harga Premium Sudah Beredar di 64 Kota, Ini Daftarnya"
detikFinance,"Terakhir update : Minggu, 22 November 2020 19:27 WIB",https://finance.detik.com/energi/d-5265310/catat-lur-ini-spbu-di-jateng-diy-yang-jual-pertalite-harga-premium,2020-11-22 20:27:47.129949,1606034890,Catat Lur! Ini SPBU di Jateng-DIY yang Jual Pertalite Harga Premium
detikFinance,"Terakhir update : Minggu, 22 November 2020 19:27 WIB",https://finance.detik.com/berita-ekonomi-bisnis/d-5265414/perjalanan-harga-emas-sepakan-kilaunya-kian-pudar,2020-11-22 20:27:47.207811,1606045183,"Perjalanan Harga Emas Sepakan, Kilaunya Kian Pudar"
detikFinance,"Terakhir update : Minggu, 22 November 2020 19:27 WIB",https://finance.detik.com/energi/d-5265205/mobil-pribadi-dilarang-ini-kendaraan-yang-boleh-minum-pertalite-rp-6450,2020-11-22 20:27:47.282259,1606030006,"Mobil Pribadi Dilarang, Ini Kendaraan yang Boleh 'Minum' Pertalite Rp 6.450"
detikFinance,"Terakhir update : Minggu, 22 November 2020 19:27 WIB",https://finance.detik.com/moneter/d-5265408/ojk-perpanjang-restrukturisasi-kredit-hingga-2022-ini-manfaatnya,2020-11-22 20:27:47.351905,1606040539,"OJK Perpanjang Restrukturisasi Kredit hingga 2022, Ini Manfaatnya"
detikFinance,"Terakhir update : Minggu, 22 November 2020 19:27 WIB",https://finance.detik.com/industri/d-5265372/rencana-cukai-rokok-naik-kecuali-kretek-tangan-industri-tetap-tolak,2020-11-22 20:27:47.423958,1606039371,"Rencana Cukai Rokok Naik Kecuali Kretek Tangan, Industri Tetap Tolak"
detikFinance,"Terakhir update : Minggu, 22 November 2020 19:27 WIB",https://finance.detik.com/industri/d-5265362/konstruksi-dan-properti-loyo-pengusaha-baja-cari-peluang-di-sektor-ini,2020-11-22 20:27:47.495959,1606038373,"Konstruksi dan Properti Loyo, Pengusaha Baja Cari Peluang di Sektor Ini"
detikFinance,"Terakhir update : Minggu, 22 November 2020 19:27 WIB",https://finance.detik.com/berita-ekonomi-bisnis/d-5265353/tenaga-pendidik-non-pns-bisa-dapat-bantuan-upah-begini-caranya,2020-11-22 20:27:47.565315,1606036711,"Tenaga Pendidik Non PNS Bisa Dapat Bantuan Upah, Begini Caranya"
detikFinance,"Terakhir update : Minggu, 22 November 2020 19:27 WIB",https://finance.detik.com/energi/d-5265156/perhatian-ini-syarat-beli-pertalite-seharga-premium,2020-11-22 20:27:47.639020,1606026174,Perhatian! Ini Syarat Beli Pertalite Seharga Premium
detikFinance,"Terakhir update : Minggu, 22 November 2020 19:27 WIB",https://finance.detik.com/berita-ekonomi-bisnis/d-5265270/pengusaha-anggap-aneh-kenaikan-upah-minimum-negara-lain-upah-aktual,2020-11-22 20:27:47.706411,1606033824,Pengusaha Anggap Aneh Kenaikan Upah Minimum: Negara Lain Upah Aktual
detikFinance,"Terakhir update : Minggu, 22 November 2020 19:27 WIB",https://finance.detik.com/industri/d-5265407/bpom-endus-iklan-skm-tak-patuhi-aturan-apa-sanksinya,2020-11-22 20:27:47.775722,1606042860,"BPOM Endus Iklan SKM Tak Patuhi Aturan, Apa Sanksinya?"
detikFinance,"Terakhir update : Minggu, 22 November 2020 19:27 WIB",https://finance.detik.com/berita-ekonomi-bisnis/d-5265397/akankah-blt-guru-honorer-diperpanjang-ke-2021,2020-11-22 20:27:47.884278,1606039992,Akankah BLT Guru Honorer Diperpanjang ke 2021?
detikFinance,"Terakhir update : Minggu, 22 November 2020 19:27 WIB",https://finance.detik.com/industri/d-5265360/sederet-pr-pemerintah-cegah-vaksin-corona-bocor-ke-black-market,2020-11-22 20:27:47.956341,1606037479,Sederet PR Pemerintah Cegah Vaksin Corona Bocor ke Black Market
detikFinance,"Terakhir update : Minggu, 22 November 2020 19:27 WIB",https://finance.detik.com/berita-ekonomi-bisnis/d-5265136/975-ribu-guru-honorer-sudah-terima-blt-gaji-buruan-cek-di-sini,2020-11-22 20:27:48.025733,1606023482,"975 Ribu Guru Honorer Sudah Terima BLT Gaji, Buruan Cek di Sini!"
detikFinance,"Terakhir update : Minggu, 22 November 2020 19:27 WIB",https://finance.detik.com/bursa-dan-valas/d-5265209/corona-ganas-lagi-ihsg-diprediksi-terkoreksi,2020-11-22 20:27:48.089103,1606032032,"Corona Ganas Lagi, IHSG Diprediksi Terkoreksi"
detikFinance,"Terakhir update : Minggu, 22 November 2020 19:27 WIB",https://finance.detik.com/foto-bisnis/d-5265229/potret-kehidupan-para-petani-batang-teratai-di-kashmir,2020-11-22 20:27:48.159488,1606032905,Potret Kehidupan Para Petani Batang Teratai di Kashmir
detikFinance,"Terakhir update : Minggu, 22 November 2020 19:27 WIB",https://finance.detik.com/industri/d-5265194/dampak-ngeri-kalau-vaksin-corona-bocor-ke-black-market,2020-11-22 20:27:48.259129,1606028785,Dampak Ngeri Kalau Vaksin Corona Bocor ke Black Market
detikFinance,"Terakhir update : Minggu, 22 November 2020 19:27 WIB",https://finance.detik.com/berita-ekonomi-bisnis/d-5265313/mentan-lepas-ekspor-21-ton-cabai-kering-ke-pakistan,2020-11-22 20:27:48.347803,1606035607,Mentan Lepas Ekspor 21 Ton Cabai Kering ke Pakistan
detikFinance,"Terakhir update : Minggu, 22 November 2020 19:27 WIB",https://finance.detik.com/portofolio/d-5265020/4-cara-jitu-memilih-saham-yang-bisa-kasih-cuan,2020-11-22 20:27:48.427620,1606022309,4 Cara Jitu Memilih Saham yang Bisa Kasih Cuan
detikHot,"Terakhir update : Minggu, 22 November 2020 19:27 WIB",https://hot.detik.com/celeb/d-5265296/5-fakta-olivia-allan-istri-denny-sumargo-yang-disebut-bukan-orang-sembarangan,2020-11-22 20:27:52.750089,1606035857,"5 Fakta Olivia Allan, Istri Denny Sumargo yang Disebut Bukan Orang Sembarangan"
detikHot,"Terakhir update : Minggu, 22 November 2020 19:27 WIB",https://hot.detik.com/celeb/d-5265322/dibayar-cash-ini-rumah-rizky-billar-seharga-rp-65-miliar,2020-11-22 20:27:52.862772,1606037898,"Dibayar Cash! Ini Rumah Rizky Billar Seharga Rp 6,5 Miliar"
detikHot,"Terakhir update : Minggu, 22 November 2020 19:27 WIB",https://hot.detik.com/celeb/d-5265413/david-beckham-lebih-tajir-saat-main-fifa-di-ps-daripada-jadi-pesepakbola,2020-11-22 20:27:52.967255,1606046549,David Beckham Lebih Tajir saat Main FIFA di PS Daripada Jadi Pesepakbola
detikHot,"Terakhir update : Minggu, 22 November 2020 19:27 WIB",https://hot.detik.com/celeb/d-5265331/inilah-aktris-yang-bangga-dijuluki-the-real-pelakor,2020-11-22 20:27:53.064511,1606039479,Inilah Aktris yang Bangga Dijuluki The Real Pelakor
detikHot,"Terakhir update : Minggu, 22 November 2020 19:27 WIB",https://hot.detik.com/celeb/d-5265371/tina-toon-ngakak-kerjai-staf-yang-lakukan-kesalahan-copy-paste-e-reses,2020-11-22 20:27:53.139452,1606041458,Tina Toon Ngakak Kerjai Staf yang Lakukan Kesalahan Copy Paste e-Reses
detikHot,"Terakhir update : Minggu, 22 November 2020 19:27 WIB",https://hot.detik.com/celeb/d-5265250/pengakuan-olivia-allan-soal-sosok-denny-sumargo,2020-11-22 20:27:53.211866,1606032368,Pengakuan Olivia Allan soal Sosok Denny Sumargo
detikHot,"Terakhir update : Minggu, 22 November 2020 19:27 WIB",https://hot.detik.com/music/d-5265392/denny-chasmala-proyeksikan-holy-amazia-jadi-the-next-bcl,2020-11-22 20:27:53.283121,1606045070,Denny Chasmala Proyeksikan Holy Amazia Jadi The Next BCL
detikHot,"Terakhir update : Minggu, 22 November 2020 19:27 WIB",https://hot.detik.com/celeb/d-5265253/dilarang-iri-kiky-saputri-dicium-ariel-noah-luna-maya-beri-restu,2020-11-22 20:27:53.355067,1606033642,"Dilarang Iri! Kiky Saputri Dicium Ariel NOAH, Luna Maya Beri Restu"
detikHot,"Terakhir update : Minggu, 22 November 2020 19:27 WIB",https://hot.detik.com/music/d-5265405/suara-kayu-buat-uwu-jadi-sekuel-dari-miniatur,2020-11-22 20:27:53.426528,1606045348,Suara Kayu Buat UWU Jadi Sekuel dari Miniatur
detikHot,"Terakhir update : Minggu, 22 November 2020 19:27 WIB",https://hot.detik.com/celeb/d-5265219/ngaku-sudah-lamar-ririn-ekawati-ibnu-jamil-bicara-soal-pernikahan,2020-11-22 20:27:53.496134,1606031173,"Ngaku Sudah Lamar Ririn Ekawati, Ibnu Jamil Bicara soal Pernikahan"
detikHot,"Terakhir update : Minggu, 22 November 2020 19:27 WIB",https://hot.detik.com/celeb/d-5265178/nora-alexandra-maafkan-calon-dokter-pengancam-bagikan-makanan-bareng-anji,2020-11-22 20:27:53.568262,1606027442,"Nora Alexandra Maafkan Calon Dokter Pengancam, Bagikan Makanan Bareng Anji"
detikHot,"Terakhir update : Minggu, 22 November 2020 19:27 WIB",https://hot.detik.com/celeb/d-5265060/ustaz-derry-sulaiman-sindir-nikita-mirzani-saat-berhijab-semoga-kembali-ke-allah,2020-11-22 20:27:53.643677,1606021384,Ustaz Derry Sulaiman Sindir Nikita Mirzani saat Berhijab: Semoga Kembali ke Allah
detikHot,"Terakhir update : Minggu, 22 November 2020 19:27 WIB",https://hot.detik.com/celeb/d-5265064/para-kekasih-denny-sumargo-sebelum-pelabuhan-terakhir-olivia-allan,2020-11-22 20:27:53.717377,1606023003,Para Kekasih Denny Sumargo Sebelum Pelabuhan Terakhir Olivia Allan
detikHot,"Terakhir update : Minggu, 22 November 2020 19:27 WIB",https://hot.detik.com/music/d-5265306/suara-kayu-ubah-pandemi-jadi-karya,2020-11-22 20:27:53.790744,1606038690,Suara Kayu Ubah Pandemi Jadi Karya
detikHot,"Terakhir update : Minggu, 22 November 2020 19:27 WIB",https://hot.detik.com/kpop/d-5265089/happy-birthday-ke-39-ratu-drakor-song-hye-kyo,2020-11-22 20:27:53.864689,1606025111,Happy Birthday ke-39 Ratu Drakor Song Hye Kyo!
detikHot,"Terakhir update : Minggu, 22 November 2020 19:27 WIB",https://hot.detik.com/celeb/d-5265214/kerinduan-bibi-untuk-vanessa-angel,2020-11-22 20:27:53.938094,1606029919,Kerinduan Bibi untuk Vanessa Angel
detikHot,"Terakhir update : Minggu, 22 November 2020 19:27 WIB",https://hot.detik.com/celeb/d-5264879/nikita-mirzani-kembali-sentil-doa-habib-rizieq-yang-bikin-geram,2020-11-22 20:27:54.015718,1606008331,Nikita Mirzani Kembali Sentil Doa Habib Rizieq yang Bikin Geram
detikHot,"Terakhir update : Minggu, 22 November 2020 19:27 WIB",https://hot.detik.com/music/d-5265358/dgiven-ajak-lebih-semangat-hadapi-pandemi,2020-11-22 20:27:54.086472,1606037027,d'Given Ajak Lebih Semangat Hadapi Pandemi
detikInet,"Terakhir update : Minggu, 22 November 2020 19:27 WIB",https://inet.detik.com/mobile-apps/d-5265431/teknologi-ini-bisa-lindungi-konten-medsos-dibajak,2020-11-22 20:27:57.904583,1606044657,Teknologi Ini Bisa Lindungi Konten Medsos Dibajak
detikInet,"Terakhir update : Minggu, 22 November 2020 19:27 WIB",https://inet.detik.com/consumer/d-5265173/tips-memilih-kabel-charger-hp,2020-11-22 20:27:57.973965,1606040198,Tips Memilih Kabel Charger HP
detikInet,"Terakhir update : Minggu, 22 November 2020 19:27 WIB",https://inet.detik.com/games-news/d-5265354/hobi-main-game-jadi-prestasi-kisah-atlet-esports-rrq-alberttt,2020-11-22 20:27:58.043704,1606041945,"Hobi Main Game Jadi Prestasi, Kisah Atlet Esports RRQ Alberttt"
detikInet,"Terakhir update : Minggu, 22 November 2020 19:27 WIB",https://inet.detik.com/fotoinet/d-5265341/rekomendasi-hp-yang-awet-baterai,2020-11-22 20:27:58.111552,1606036540,Rekomendasi HP yang Awet Baterai
detikInet,"Terakhir update : Minggu, 22 November 2020 19:27 WIB",https://inet.detik.com/telecommunication/d-5265170/paket-internet-murah-ala-byu-rp-100-ribu-dapat-50gb,2020-11-22 20:27:58.181278,1606033535,"Paket Internet Murah ala by.U, Rp 100 Ribu dapat 50GB"
detikInet,"Terakhir update : Minggu, 22 November 2020 19:27 WIB",https://inet.detik.com/science/d-5265488/nge-charge-hp-bisa-pakai-udara-caranya,2020-11-22 20:27:58.248765,1606047358,"Nge-charge HP Bisa Pakai Udara, Caranya?"
detikInet,"Terakhir update : Minggu, 22 November 2020 19:27 WIB",https://inet.detik.com/cyberlife/d-5265119/bill-gates-tidak-pakai-masker-masa-sih,2020-11-22 20:27:58.314889,1606030485,Bill Gates Tidak Pakai Masker? Masa Sih...
detikInet,"Terakhir update : Minggu, 22 November 2020 19:27 WIB",https://inet.detik.com/consumer/d-5265104/kenapa-baterai-iphone-12-mengecil,2020-11-22 20:27:58.384154,1606025911,Kenapa Baterai iPhone 12 Mengecil?
detikInet,"Terakhir update : Minggu, 22 November 2020 19:27 WIB",https://inet.detik.com/consumer/d-5264981/logitech-g-pro-x-superlight-mouse-gaming-nirkabel-yang-enteng,2020-11-22 20:27:58.452704,1606029312,"Logitech G Pro X Superlight, Mouse Gaming Nirkabel yang Enteng"
detikInet,"Terakhir update : Minggu, 22 November 2020 19:27 WIB",https://inet.detik.com/consumer/d-5265105/kasus-hp-meledak-gegara-baterai-dan-cara-mencegahnya,2020-11-22 20:27:58.534696,1606022102,Kasus HP Meledak Gegara Baterai dan Cara Mencegahnya
detikInet,"Terakhir update : Minggu, 22 November 2020 19:27 WIB",https://inet.detik.com/fotoinet/d-5264989/evolusi-tampilan-microsoft-windows-selama-35-tahun,2020-11-22 20:27:58.610395,1606019424,Evolusi Tampilan Microsoft Windows Selama 35 Tahun
detikInet,"Terakhir update : Minggu, 22 November 2020 19:27 WIB",https://inet.detik.com/law-and-policy/d-5265036/whatsapp-dan-instagram-bikin-facebook-bakal-diseret-ke-pengadilan,2020-11-22 20:27:58.685913,1606017093,WhatsApp dan Instagram Bikin Facebook Bakal Diseret ke Pengadilan
detikInet,"Terakhir update : Minggu, 22 November 2020 19:27 WIB",https://inet.detik.com/detiktv/d-5265349/as-eropa-luncurkan-satelit-pengukur-permukaan-laut,2020-11-22 20:27:58.752889,1606033412,AS-Eropa Luncurkan Satelit Pengukur Permukaan Laut
detikInet,"Terakhir update : Minggu, 22 November 2020 19:27 WIB",https://inet.detik.com/games-news/d-5264960/pesan-ps5-dapatnya-malah-sekarung-beras,2020-11-22 20:27:58.820507,1606013154,"Pesan PS5, Dapatnya Malah Sekarung Beras"
detikInet,"Terakhir update : Minggu, 22 November 2020 19:27 WIB",https://inet.detik.com/fotoinet/d-5264941/deretan-powerbank-raksasa-di-atas-40-ribu-mah,2020-11-22 20:27:58.893782,1606011451,"Deretan Powerbank Raksasa, di Atas 40 Ribu mAh"
detikInet,"Terakhir update : Minggu, 22 November 2020 19:27 WIB",https://inet.detik.com/consumer/d-5264744/mengenal-nomophobia--pilihan-ponsel-yang-cocok-untuk-pengidapnya,2020-11-22 20:27:58.966768,1606007129,Mengenal Nomophobia & Pilihan Ponsel yang Cocok untuk Pengidapnya
detikInet,"Terakhir update : Minggu, 22 November 2020 19:27 WIB",https://inet.detik.com/security/d-5264790/google-drive-unlimited-seumur-hidup-yang-bikin-ngiler,2020-11-22 20:27:59.037732,1606005009,Google Drive Unlimited Seumur Hidup yang Bikin Ngiler
detikInet,"Terakhir update : Minggu, 22 November 2020 19:27 WIB",https://inet.detik.com/cyberlife/d-5264986/35-tahun-microsoft-windows-begini-sejarahnya,2020-11-22 20:27:59.116681,1606015177,"35 Tahun Microsoft Windows, Begini Sejarahnya"
detikInet,"Terakhir update : Minggu, 22 November 2020 19:27 WIB",https://inet.detik.com/fotoinet/d-5264889/meme-city-dibabat-spurs-mourinho-dan-guardiola-jadi-lakon,2020-11-22 20:27:59.187083,1606009496,"Meme City Dibabat Spurs, Mourinho dan Guardiola Jadi Lakon"
detikInet,"Terakhir update : Minggu, 22 November 2020 19:27 WIB",https://inet.detik.com/business/d-5264754/media-china-ungkap-alasan-jack-ma-dijinakkan,2020-11-22 20:27:59.261638,1605997108,Media China Ungkap Alasan Jack Ma Dijinakkan
detikSport,"Terakhir update : Minggu, 22 November 2020 19:27 WIB",https://sport.detik.com/moto-gp/d-5265394/rossi-ungkap-sisi-positif-di-motogp-2020,2020-11-22 20:28:03.279837,1606042900,Rossi Ungkap Sisi Positif di MotoGP 2020
detikSport,"Terakhir update : Minggu, 22 November 2020 19:27 WIB",https://sport.detik.com/moto-gp/d-5265369/link-live-streaming-motogp-portugal-saksikan-di-sini,2020-11-22 20:28:03.350892,1606046400,Link Live Streaming MotoGP Portugal Saksikan di Sini
detikSport,"Terakhir update : Minggu, 22 November 2020 19:27 WIB",https://sport.detik.com/moto-gp/d-5264150/nonton-motogp-portugal-bisa-dapat-duit-di-live-kuis-detikcom-x-trans-7,2020-11-22 20:28:03.424617,1606024821,Nonton MotoGP Portugal Bisa Dapat Duit di Live Kuis detikcom x Trans 7
detikSport,"Terakhir update : Minggu, 22 November 2020 19:27 WIB",https://sport.detik.com/moto-gp/d-5265138/link-live-streaming-motogp-portugal-2020-saksikan-di-detiksport,2020-11-22 20:28:03.498929,1606023007,Link Live Streaming MotoGP Portugal 2020: Saksikan di detikSport!
detikSport,"Terakhir update : Minggu, 22 November 2020 19:27 WIB",https://sport.detik.com/sport-lain/d-5265312/kepri-andalkan-panahan-jadi-olahrga-unggulan-tapi-alat-masih-impor,2020-11-22 20:28:03.576747,1606035011,Kepri Andalkan Panahan Jadi Olahrga Unggulan tapi Alat Masih Impor
detikSport,"Terakhir update : Minggu, 22 November 2020 19:27 WIB",https://sport.detik.com/moto-gp/d-5264978/motogp-portugal-2020-mencari-runner-up-di-portimao,2020-11-22 20:28:03.659904,1606014376,MotoGP Portugal 2020: Mencari Runner-up di Portimao
detikSport,"Terakhir update : Minggu, 22 November 2020 19:27 WIB",https://sport.detik.com/detiktv/d-5264888/miguel-oliveira-pole-position-joan-mir-start-ke-20-di-motogp-portugal,2020-11-22 20:28:03.746602,1606009419,"Miguel Oliveira Pole Position, Joan Mir Start Ke-20 di MotoGP Portugal"
detikSport,"Terakhir update : Minggu, 22 November 2020 19:27 WIB",https://sport.detik.com/sport-lain/d-5264816/rally-duracore-ierc-hari-pertama-ada-peserta-sempat-tersesat,2020-11-22 20:28:03.839634,1605997815,"Rally DuraCore IERC Hari Pertama, Ada Peserta Sempat Tersesat"
detikSport,"Terakhir update : Minggu, 22 November 2020 19:27 WIB",https://sport.detik.com/moto-gp/d-5264724/hasil-kualifikasi-motogp-portugal-oliveira-pole-mir-posisi-20,2020-11-22 20:28:03.928303,1605971110,"Hasil Kualifikasi MotoGP Portugal: Oliveira Pole, Mir Posisi 20"
detikSport,"Terakhir update : Minggu, 22 November 2020 19:27 WIB",https://sport.detik.com/moto-gp/d-5263908/disindir-jorge-lorenzo-cal-crutchlow-beri-balasan-begini,2020-11-22 20:28:04.021704,1605921900,"Disindir Jorge Lorenzo, Cal Crutchlow Beri Balasan Begini"
detikSport,"Terakhir update : Minggu, 22 November 2020 19:27 WIB",https://sport.detik.com/moto-gp/d-5263149/dorna-dua-syarat-berat-digelarnya-motogp-indonesia-di-mandalika,2020-11-22 20:28:04.112528,1605863788,Dorna: Dua Syarat Berat Digelarnya MotoGP Indonesia di Mandalika
detikSport,"Terakhir update : Minggu, 22 November 2020 19:27 WIB",https://sport.detik.com/moto-gp/d-5263773/hasil-fp2-motogp-portugal-giliran-zarco-jadi-yang-tercepat,2020-11-22 20:28:04.205490,1605886546,Hasil FP2 MotoGP Portugal: Giliran Zarco Jadi yang Tercepat
detikSport,"Terakhir update : Minggu, 22 November 2020 19:27 WIB",https://sport.detik.com/moto-gp/d-5264508/hasil-fp3-motogp-portugal-sengit-miller-ungguli-oliveira--rins,2020-11-22 20:28:04.303816,1605955888,"Hasil FP3 MotoGP Portugal: Sengit, Miller Ungguli Oliveira & Rins"
detikSport,"Terakhir update : Minggu, 22 November 2020 19:27 WIB",https://sport.detik.com/moto-gp/d-5264514/2-jika-dari-dorna-agar-motogp-indonesia-masuk-kalender-2021,2020-11-22 20:28:04.401749,1605957447,'2 jika' dari Dorna agar MotoGP Indonesia Masuk Kalender 2021
detikSport,"Terakhir update : Minggu, 22 November 2020 19:27 WIB",https://sport.detik.com/moto-gp/d-5263914/harapan-rossi-bersama-tim-barunya-di-motogp-2021,2020-11-22 20:28:04.505903,1605924007,Harapan Rossi bersama Tim Barunya di MotoGP 2021
detikSport,"Terakhir update : Minggu, 22 November 2020 19:27 WIB",https://sport.detik.com/sport-lain/d-5264690/menpora-venue-pon-harus-dirawat-siapa-tahu-bisa-gelar-olimpiade-2032,2020-11-22 20:28:04.605489,1605968101,"Menpora: Venue PON Harus Dirawat, Siapa Tahu Bisa Gelar Olimpiade 2032"
detikSport,"Terakhir update : Minggu, 22 November 2020 19:27 WIB",https://sport.detik.com/detiktv/d-5263974/jawaban-emosional-dovizioso-tentang-ducati-dan-masa-depannya,2020-11-22 20:28:04.707920,1605925014,Jawaban Emosional Dovizioso Tentang Ducati dan Masa Depannya
detikSport,"Terakhir update : Minggu, 22 November 2020 19:27 WIB",https://sport.detik.com/moto-gp/d-5263289/marc-marquez-dapat-peringatan-begini-dari-mantan-dokter-motogp,2020-11-22 20:28:04.811783,1605871057,Marc Marquez Dapat 'Peringatan' Begini dari Mantan Dokter MotoGP
detikSport,"Terakhir update : Minggu, 22 November 2020 19:27 WIB",https://sport.detik.com/moto-gp/d-5262645/kans-adik-valentino-rossi-juara-dunia-moto2-ini-syaratnya,2020-11-22 20:28:04.918616,1605843278,"Kans Adik Valentino Rossi Juara Dunia Moto2, Ini Syaratnya"
detikOto,"Terakhir update : Minggu, 22 November 2020 19:28 WIB",https://oto.detik.com/otosport/d-5265368/tanpa-rossi-di-tim-pabrikan-motor-yamaha-akan-seperti-apa,2020-11-22 20:28:09.355984,1606041838,"Tanpa Rossi di Tim Pabrikan, Motor Yamaha Akan Seperti Apa?"
detikOto,"Terakhir update : Minggu, 22 November 2020 19:28 WIB",https://oto.detik.com/catatan-pengendara-mobil/d-5265335/ena-ena-dalam-mobil-di-jalanan-ramai-pasangan-ini-dibui,2020-11-22 20:28:09.439355,1606036392,"'Ena-ena' Dalam Mobil di Jalanan Ramai, Pasangan Ini Dibui"
detikOto,"Terakhir update : Minggu, 22 November 2020 19:28 WIB",https://oto.detik.com/otosport/d-5265244/meski-gagal-juara-dunia-quartararo-dikasih-hadiah-mobil-bmw,2020-11-22 20:28:09.525543,1606029417,"Meski Gagal Juara Dunia, Quartararo Dikasih Hadiah Mobil BMW"
detikOto,"Terakhir update : Minggu, 22 November 2020 19:28 WIB",https://oto.detik.com/otosport/d-5265281/vinales-merasa-punya-mental-juara-motor-yamaha-yang-tidak-meyakinkan,2020-11-22 20:28:09.622909,1606034385,"Vinales Merasa Punya Mental Juara, Motor Yamaha yang Tidak Meyakinkan"
detikOto,"Terakhir update : Minggu, 22 November 2020 19:28 WIB",https://oto.detik.com/otosport/d-5265049/jadwal-live-streaming-motogp-pemungkas-malam-ini,2020-11-22 20:28:09.715047,1606025298,Jadwal Live Streaming MotoGP Pemungkas Malam Ini
detikOto,"Terakhir update : Minggu, 22 November 2020 19:28 WIB",https://oto.detik.com/otosport/d-5265037/mandalika-racing-team-pamer-desain-motor-balap-ada-motif-batiknya,2020-11-22 20:28:09.810349,1606021836,"Mandalika Racing Team Pamer Desain Motor Balap, Ada Motif Batiknya"
detikOto,"Terakhir update : Minggu, 22 November 2020 19:28 WIB",https://oto.detik.com/oto-galeri/d-5265157/yamaha-nmax-standar-dengan-fitur-connected-seharga-rp-31-juta,2020-11-22 20:28:09.905470,1606027011,Yamaha Nmax Standar dengan Fitur Connected Seharga Rp 31 Juta
detikOto,"Terakhir update : Minggu, 22 November 2020 19:28 WIB",https://oto.detik.com/oto-galeri/d-5264931/potret-skutik-150-cc-buatan-thailand-pesaing-pcx-dan-nmax,2020-11-22 20:28:10.000820,1606012559,"Potret Skutik 150 cc Buatan Thailand, Pesaing PCX dan Nmax"
detikOto,"Terakhir update : Minggu, 22 November 2020 19:28 WIB",https://oto.detik.com/otosport/d-5264866/momen-kocak-alex-rins-minta-tumpangan-tapi-dicuekin-pebalap-lain,2020-11-22 20:28:10.098870,1606007329,Momen Kocak Alex Rins Minta Tumpangan tapi Dicuekin Pebalap Lain
detikOto,"Terakhir update : Minggu, 22 November 2020 19:28 WIB",https://oto.detik.com/mobil/d-5265014/toyota-indonesia-produksi-mobil-elektrik-bakal-ekspor-ke-mana-saja,2020-11-22 20:28:10.197097,1606018003,"Toyota Indonesia Produksi Mobil Elektrik, Bakal Ekspor ke Mana Saja?"
detikOto,"Terakhir update : Minggu, 22 November 2020 19:28 WIB",https://oto.detik.com/komunitas-motor/d-5265023/ridwan-kamil-ingatkan-anak-motor-tetap-terapkan-protokol-kesehatan,2020-11-22 20:28:10.297753,1606019668,Ridwan Kamil Ingatkan Anak Motor Tetap Terapkan Protokol Kesehatan
detikOto,"Terakhir update : Minggu, 22 November 2020 19:28 WIB",https://oto.detik.com/berita/d-5264930/keren-kurangi-polusi-warga-klaten-ini-kendarai-motor-listrik-satu-roda,2020-11-22 20:28:10.400549,1606010900,"Keren, Kurangi Polusi Warga Klaten Ini Kendarai Motor Listrik Satu Roda"
detikOto,"Terakhir update : Minggu, 22 November 2020 19:28 WIB",https://oto.detik.com/tips-and-tricks-motor/d-5264959/masuk-musim-hujan-pemotor-wajib-tahu-ini,2020-11-22 20:28:10.502539,1606014532,"Masuk Musim Hujan, Pemotor Wajib Tahu Ini"
detikOto,"Terakhir update : Minggu, 22 November 2020 19:28 WIB",https://oto.detik.com/tips-and-tricks-mobil/d-5264849/hati-hati-batu-kerikil-pada-ban-bisa-jadi-sumber-petaka,2020-11-22 20:28:10.608777,1606003327,Hati-hati! Batu Kerikil pada Ban Bisa Jadi Sumber Petaka
detikOto,"Terakhir update : Minggu, 22 November 2020 19:28 WIB",https://oto.detik.com/otosport/d-5264834/rossi-mengenang-masa-suram-di-ducati-frustrasi-dan-nyaris-pensiun,2020-11-22 20:28:10.714039,1606000677,Rossi Mengenang Masa Suram di Ducati: Frustrasi dan Nyaris Pensiun
detikOto,"Terakhir update : Minggu, 22 November 2020 19:28 WIB",https://oto.detik.com/berita/d-5264852/lokasi-perpanjangan-sim-akhir-pekan,2020-11-22 20:28:10.821476,1606004197,Lokasi Perpanjangan SIM Akhir Pekan
detikTravel,"Terakhir update : Minggu, 22 November 2020 19:28 WIB",https://travel.detik.com/travel-news/d-5265446/menparekraf-wishnutama-kunjungi-toko-kopi-tuku-berikan-sertifikat-chse,2020-11-22 20:28:14.973957,1606043749,"Menparekraf Wishnutama Kunjungi Toko Kopi Tuku, Berikan Sertifikat CHSE"
detikTravel,"Terakhir update : Minggu, 22 November 2020 19:28 WIB",https://travel.detik.com/dtravelers_photos/u-5024605/foto-teringat-kampung-halaman-saat-transit-di-malaysia,2020-11-22 20:28:15.045372,1606038300,Foto: Teringat Kampung Halaman Saat Transit di Malaysia
detikTravel,"Terakhir update : Minggu, 22 November 2020 19:28 WIB",https://travel.detik.com/travel_snapshot/u-4825378/pantai-ngedan-di-yogya-yang-bikin-edan,2020-11-22 20:28:15.119767,1606041600,Pantai Ngedan di Yogya yang Bikin Edan!
detikTravel,"Terakhir update : Minggu, 22 November 2020 19:28 WIB",https://travel.detik.com/domestic-destination/d-5265468/saat-tukik-tukik-lucu-dilepas-di-pantai-sukamade-banyuwangi,2020-11-22 20:28:15.192431,1606045330,Saat Tukik-tukik Lucu Dilepas di Pantai Sukamade Banyuwangi
detikTravel,"Terakhir update : Minggu, 22 November 2020 19:28 WIB",https://travel.detik.com/travel-news/d-5265486/wishnutama-kopi-bisa-jadi-daya-tarik-pariwisata-indonesia,2020-11-22 20:28:15.265121,1606047170,Wishnutama: Kopi Bisa Jadi Daya Tarik Pariwisata Indonesia
detikTravel,"Terakhir update : Minggu, 22 November 2020 19:28 WIB",https://travel.detik.com/detiktv/d-5265470/pantai-teluk-ijo-gradasi-hijau-dan-biru-laut-di-banyuwangi,2020-11-22 20:28:15.339374,1606045223,"Pantai Teluk Ijo, Gradasi Hijau dan Biru Laut di Banyuwangi"
detikTravel,"Terakhir update : Minggu, 22 November 2020 19:28 WIB",https://travel.detik.com/domestic-destination/d-5264922/wisata-bawah-laut-banyuwangi-bisa-diving-bareng-hiu-seperti-di-maldives,2020-11-22 20:28:15.417594,1606036545,"Wisata Bawah Laut Banyuwangi, Bisa Diving Bareng Hiu Seperti di Maldives"
detikTravel,"Terakhir update : Minggu, 22 November 2020 19:28 WIB",https://travel.detik.com/travel-news/d-5264977/boeing-kebutuhan-pesawat-kargo-naik-selama-pandemi-covid-19,2020-11-22 20:28:15.496325,1606040156,Boeing: Kebutuhan Pesawat Kargo Naik Selama Pandemi COVID-19
detikTravel,"Terakhir update : Minggu, 22 November 2020 19:28 WIB",https://travel.detik.com/domestic-destination/d-5265266/ada-yang-baru-nih-di-banyuwangi-wisata-taman-langit,2020-11-22 20:28:15.575930,1606032009,"Ada yang Baru Nih di Banyuwangi, Wisata Taman Langit"
detikTravel,"Terakhir update : Minggu, 22 November 2020 19:28 WIB",https://travel.detik.com/detiktv/d-5265447/kasus-corona-tinggi-warga-india-gelar-festival-sembah-dewa-matahari,2020-11-22 20:28:15.661348,1606041943,"Kasus Corona Tinggi, Warga India Gelar Festival Sembah Dewa Matahari"
detikTravel,"Terakhir update : Minggu, 22 November 2020 19:28 WIB",https://travel.detik.com/dtravelers_photos/u-5241275/eksotisnya-goa-jatijajar-di-kebanggaan-orang-kebumen,2020-11-22 20:28:15.743988,1606024620,Eksotisnya Goa Jatijajar di Kebanggaan Orang Kebumen
detikTravel,"Terakhir update : Minggu, 22 November 2020 19:28 WIB",https://travel.detik.com/dtravelers_photos/u-5212069/ini-pusat-kerajinan-tangan-di-miri-serawak-malaysia,2020-11-22 20:28:15.828126,1606030500,"Ini Pusat Kerajinan Tangan di Miri Serawak, Malaysia"
detikTravel,"Terakhir update : Minggu, 22 November 2020 19:28 WIB",https://travel.detik.com/dtravelers_photos/u-5242299/cantiknya-kampung-arborek-yang-ahsudahlah,2020-11-22 20:28:15.916070,1606020300,Cantiknya Kampung Arborek yang... Ah..Sudahlah
detikTravel,"Terakhir update : Minggu, 22 November 2020 19:28 WIB",https://travel.detik.com/travel-news/d-5264956/asyik-provinsi-gangwon-di-korea-sudah-buka-buat-wisatawan,2020-11-22 20:28:16.006569,1606033116,"Asyik, Provinsi Gangwon di Korea Sudah Buka Buat Wisatawan"
detikTravel,"Terakhir update : Minggu, 22 November 2020 19:28 WIB",https://travel.detik.com/fototravel/d-5265196/cantiknya-kastuba-si-bunga-natal-yang-mempesona,2020-11-22 20:28:16.101911,1606030238,"Cantiknya Kastuba, Si Bunga Natal yang Mempesona"
detikTravel,"Terakhir update : Minggu, 22 November 2020 19:28 WIB",https://travel.detik.com/travel-news/d-5265207/belanda-akan-larang-penjualan-rokok-di-supermarket,2020-11-22 20:28:16.198827,1606026635,Belanda Akan Larang Penjualan Rokok di Supermarket
detikTravel,"Terakhir update : Minggu, 22 November 2020 19:28 WIB",https://travel.detik.com/detiktv/d-5265211/melihat-tempat-pemenggalan-kepala-di-pulau-samosir,2020-11-22 20:28:16.297672,1606026043,Melihat Tempat Pemenggalan Kepala di Pulau Samosir
detikTravel,"Terakhir update : Minggu, 22 November 2020 19:28 WIB",https://travel.detik.com/fototravel/d-5265130/bangkit-dari-covid-19-wuhan-kini-punya-museum-anti-corona,2020-11-22 20:28:16.396934,1606024800,"Bangkit dari COVID-19, Wuhan Kini Punya Museum Anti-Corona"
detikTravel,"Terakhir update : Minggu, 22 November 2020 19:28 WIB",https://travel.detik.com/dtravelers_photos/u-5242308/gunung-merbabu-yang-bikin-rindu,2020-11-22 20:28:16.495712,1606016700,Gunung Merbabu yang Bikin Rindu
detikTravel,"Terakhir update : Minggu, 22 November 2020 19:28 WIB",https://travel.detik.com/fototravel/d-5265076/unik-ada-tradisi-mendudukan-jenazah-di-mamasa,2020-11-22 20:28:16.596153,1606021200,Unik! Ada Tradisi Mendudukan Jenazah di Mamasa
Sepakbola,"Terakhir update : Minggu, 22 November 2020 19:28 WIB",https://sport.detik.com/sepakbola/liga-inggris/d-5265263/guardiola-tottenham-kandidat-terkuat-juara-liga-inggris-man-city-,2020-11-22 20:28:20.774368,1606035628,"Guardiola: Tottenham Kandidat Terkuat Juara Liga Inggris, Man City ..."
Sepakbola,"Terakhir update : Minggu, 22 November 2020 19:28 WIB",https://sport.detik.com/sepakbola/liga-inggris/d-5265365/tottenham-bungkam-man-city-mourinho-strategi-jadi-kunci,2020-11-22 20:28:20.844483,1606039237,"Tottenham Bungkam Man City, Mourinho: Strategi Jadi Kunci"
Sepakbola,"Terakhir update : Minggu, 22 November 2020 19:28 WIB",https://sport.detik.com/sepakbola/liga-indonesia/d-5265403/jack-brown-bicara-peluang-timnas-u-19-di-piala-asia-u-19,2020-11-22 20:28:20.919918,1606044658,Jack Brown Bicara Peluang Timnas U-19 di Piala Asia U-19
Sepakbola,"Terakhir update : Minggu, 22 November 2020 19:28 WIB",https://sport.detik.com/sepakbola/liga-inggris/d-5265282/gol-dianulir-dan-dihukum-penalti-lawan-mu-wba-keluhkan-wasit,2020-11-22 20:28:20.995855,1606037432,"Gol Dianulir dan Dihukum Penalti Lawan MU, WBA Keluhkan Wasit"
Sepakbola,"Terakhir update : Minggu, 22 November 2020 19:28 WIB",https://sport.detik.com/sepakbola/liga-italia/d-5265453/de-ligt-juventus-nya-pirlo-masih-70-persen,2020-11-22 20:28:21.075381,1606047048,De Ligt: Juventus-nya Pirlo Masih 70 Persen
Sepakbola,"Terakhir update : Minggu, 22 November 2020 19:28 WIB",https://sport.detik.com/sepakbola/liga-inggris/d-5265273/beda-pendapat-ferdinand-scholes-soal-pelanggaran-bruno-fernandes,2020-11-22 20:28:21.158527,1606033839,Beda Pendapat Ferdinand-Scholes soal Pelanggaran Bruno Fernandes
Sepakbola,"Terakhir update : Minggu, 22 November 2020 19:28 WIB",https://sport.detik.com/sepakbola/liga-inggris/d-5265262/gol-man-city-dianulir-de-bruyne-enggak-ngerti-lagi-sama-aturannya,2020-11-22 20:28:21.244069,1606032044,"Gol Man City Dianulir, De Bruyne: Enggak Ngerti Lagi Sama Aturannya"
Sepakbola,"Terakhir update : Minggu, 22 November 2020 19:28 WIB",https://sport.detik.com/sepakbola/foto-sepakbola/d-5265409/begini-cara-suporter-bola-di-solo-mengenang-mendiang-ricky-yacobi,2020-11-22 20:28:21.340026,1606042814,Begini Cara Suporter Bola di Solo Mengenang Mendiang Ricky Yacobi
Sepakbola,"Terakhir update : Minggu, 22 November 2020 19:28 WIB",https://sport.detik.com/sepakbola/liga-italia/d-5265175/cristiano-ronaldo-nge-gas-terus,2020-11-22 20:28:21.430815,1606026935,Cristiano Ronaldo Nge-Gas Terus!
Sepakbola,"Terakhir update : Minggu, 22 November 2020 19:28 WIB",https://sport.detik.com/sepakbola/liga-inggris/d-5265221/bruno-fernandes-puji-kiper-wba,2020-11-22 20:28:21.523044,1606028441,Bruno Fernandes Puji Kiper WBA
Sepakbola,"Terakhir update : Minggu, 22 November 2020 19:28 WIB",https://sport.detik.com/sepakbola/liga-jerman/d-5265100/hertha-berlin-vs-dortmund-usai-quat-trick-haaland-marah-pada-pelatihnya,2020-11-22 20:28:21.618043,1606021866,"Hertha Berlin Vs Dortmund: Usai Quat-trick, Haaland Marah pada Pelatihnya"
Sepakbola,"Terakhir update : Minggu, 22 November 2020 19:28 WIB",https://sport.detik.com/sepakbola/liga-indonesia/d-5265246/ricky-yacobi-diusulkan-jadi-nama-baru-lapangan-abc,2020-11-22 20:28:21.715445,1606029952,Ricky Yacobi Diusulkan Jadi Nama Baru Lapangan ABC
Sepakbola,"Terakhir update : Minggu, 22 November 2020 19:28 WIB",https://sport.detik.com/sepakbola/liga-spanyol/d-5264987/barcelona-oh-barcelona,2020-11-22 20:28:21.813108,1606015232,Barcelona Oh Barcelona
Sepakbola,"Terakhir update : Minggu, 22 November 2020 19:28 WIB",https://sport.detik.com/sepakbola/liga-spanyol/d-5265041/koeman-barcelona-kalah-karena-kesalahan-sendiri,2020-11-22 20:28:21.913664,1606018058,Koeman: Barcelona Kalah karena Kesalahan Sendiri
Sepakbola,"Terakhir update : Minggu, 22 November 2020 19:28 WIB",https://sport.detik.com/sepakbola/liga-indonesia/d-5265176/sepekan-latihan-kondisi-timnas-u-19-ada-yang-belum-maksimal,2020-11-22 20:28:22.011856,1606025400,"Sepekan Latihan, Kondisi Timnas U-19 Ada yang Belum Maksimal"
Sepakbola,"Terakhir update : Minggu, 22 November 2020 19:28 WIB",https://sport.detik.com/sepakbola/liga-inggris/d-5264913/solskjaer-akui-mu-beruntung,2020-11-22 20:28:22.111992,1606009997,Solskjaer Akui MU Beruntung
Sepakbola,"Terakhir update : Minggu, 22 November 2020 19:28 WIB",https://sport.detik.com/sepakbola/liga-inggris/d-5264958/bruno-fernandes-sudah-14-gol-di-premier-league-setengahnya-penalti,2020-11-22 20:28:22.215422,1606011722,"Bruno Fernandes Sudah 14 Gol di Premier League, Setengahnya Penalti"
Sepakbola,"Terakhir update : Minggu, 22 November 2020 19:28 WIB",https://sport.detik.com/sepakbola/liga-inggris/d-5264842/tottenham-puncaki-klasemen-mourinho-senang-sih-tapi,2020-11-22 20:28:22.316842,1606005600,"Tottenham Puncaki Klasemen, Mourinho: Senang sih, tapi..."
detikFood,"Terakhir update : Minggu, 22 November 2020 19:28 WIB",https://food.detik.com/info-kuliner/d-5264545/pelajar-indonesia-di-as-ungkap-harga-tempe-hingga-rendang-bikin-melongo,2020-11-22 20:28:26.379632,1606032000,"Pelajar Indonesia di AS Ungkap Harga Tempe hingga Rendang, Bikin Melongo!"
detikFood,"Terakhir update : Minggu, 22 November 2020 19:28 WIB",https://food.detik.com/info-kuliner/d-5264637/wow-netizen-review-mesin-panggang-steak-seharga-rp-55-juta,2020-11-22 20:28:26.457973,1606039200,Wow! Netizen Review Mesin Panggang Steak Seharga Rp 55 Juta
detikFood,"Terakhir update : Minggu, 22 November 2020 19:28 WIB",https://food.detik.com/info-kuliner/d-5264880/lucu-pizza-ini-bentuknya-mirip-karakter-impostor-among-us,2020-11-22 20:28:26.537293,1606042800,Lucu! Pizza Ini Bentuknya Mirip Karakter Impostor 'Among Us'
detikFood,"Terakhir update : Minggu, 22 November 2020 19:28 WIB",https://food.detik.com/info-kuliner/d-5265103/hrd-resto-sushi-dituding-pecat-karyawan-karena-gemuk-ini-kata-manajemen,2020-11-22 20:28:26.619267,1606023014,"HRD Resto Sushi Dituding Pecat Karyawan karena Gemuk, Ini Kata Manajemen"
detikFood,"Terakhir update : Minggu, 22 November 2020 19:28 WIB",https://food.detik.com/info-kuliner/d-5264277/lagi-asyik-makan-es-krim-wanita-ini-malah-kena-denda-rp-51-juta,2020-11-22 20:28:26.702331,1606024801,"Lagi Asyik Makan Es Krim Wanita Ini Malah Kena Denda Rp 5,1 Juta"
detikFood,"Terakhir update : Minggu, 22 November 2020 19:28 WIB",https://food.detik.com/info-kuliner/d-5264520/dodol-hingga-nastar-5-olahan-belimbing-depok-yang-cocok-jadi-oleh-oleh,2020-11-22 20:28:26.786704,1606035600,"Dodol hingga Nastar, 5 Olahan Belimbing Depok yang Cocok Jadi Oleh-oleh"
detikFood,"Terakhir update : Minggu, 22 November 2020 19:28 WIB",https://food.detik.com/info-kuliner/d-5264847/terungkap-makanan-favorit-4-member-aespa-intip-yuk,2020-11-22 20:28:26.875373,1606028400,"Terungkap Makanan Favorit 4 Member AESPA, Intip Yuk!"
detikFood,"Terakhir update : Minggu, 22 November 2020 19:28 WIB",https://food.detik.com/info-kuliner/d-5264601/ini-rekomendasi-5-tempat-nongkrong-hits-di-sekitar-ui,2020-11-22 20:28:26.973990,1606021200,Ini Rekomendasi 5 Tempat Nongkrong Hits di Sekitar UI
detikFood,"Terakhir update : Minggu, 22 November 2020 19:28 WIB",https://food.detik.com/info-kuliner/d-5264835/5-masakan-batu-yang-bikin-heran-ditumis-hingga-campur-telur,2020-11-22 20:28:27.067310,1606014017,"5 Masakan Batu yang Bikin Heran, Ditumis hingga Campur Telur"
detikFood,"Terakhir update : Minggu, 22 November 2020 19:28 WIB",https://food.detik.com/info-sehat/d-5264541/cara-menurunkan-berat-badan-ikuti-5-tips-ngemil-sehat-ini,2020-11-22 20:28:27.159693,1606010400,"Cara Menurunkan Berat Badan, Ikuti 5 Tips Ngemil Sehat Ini"
detikFood,"Terakhir update : Minggu, 22 November 2020 19:28 WIB",https://food.detik.com/berita-boga/d-5264112/pekarangan-rumah-disulap-jadi-kebun-belimbing-dewa-yang-menguntungkan,2020-11-22 20:28:27.258102,1606017600,Pekarangan Rumah Disulap Jadi Kebun Belimbing Dewa yang Menguntungkan
detikFood,"Terakhir update : Minggu, 22 November 2020 19:28 WIB",https://food.detik.com/detiktv/d-5265074/belimbing-dewa-si-manis-ikon-kota-depok,2020-11-22 20:28:27.354923,1606019122,"Belimbing Dewa, Si Manis Ikon Kota Depok"
detikFood,"Terakhir update : Minggu, 22 November 2020 19:28 WIB",https://food.detik.com/info-kuliner/d-5264274/sekte-bubur-goreng-netizen-penistaan-apa-lagi,2020-11-22 20:28:27.452128,1606003200,"Sekte Bubur Goreng, Netizen: Penistaan Apa Lagi?"
detikFood,"Terakhir update : Minggu, 22 November 2020 19:28 WIB",https://food.detik.com/info-kuliner/d-5264318/masak-masak--cumi-bakar-sambal-kemangi-yang-mantul,2020-11-22 20:28:27.553387,1606012200,Masak Masak : Cumi Bakar Sambal Kemangi yang Mantul
detikFood,"Terakhir update : Minggu, 22 November 2020 19:28 WIB",https://food.detik.com/info-sehat/d-5264291/kombinasi-jahe-dan-madu-ramuan-ampuh-untuk-jaga-imunitas,2020-11-22 20:28:27.654384,1606006800,"Kombinasi Jahe dan Madu, Ramuan Ampuh Untuk Jaga Imunitas"
detikFood,"Terakhir update : Minggu, 22 November 2020 19:28 WIB",https://food.detik.com/info-kuliner/d-5264855/bikin-laper-mie-aceh-kepiting-hingga-kari-kambing-yang-kaya-rempah,2020-11-22 20:28:27.757319,1606008600,Bikin Laper! Mie Aceh Kepiting hingga Kari Kambing yang Kaya Rempah
detikFood,"Terakhir update : Minggu, 22 November 2020 19:28 WIB",https://food.detik.com/info-sehat/d-5264280/9-buah-tinggi-kalori-dan-protein-yang-rasanya-enak,2020-11-22 20:28:27.857125,1605999610,9 Buah Tinggi Kalori dan Protein yang Rasanya Enak
detikFood,"Terakhir update : Minggu, 22 November 2020 19:28 WIB",https://food.detik.com/info-sehat/d-5264306/apa-benar-minum-kopi-bisa-bikin-tubuh-jadi-gemuk,2020-11-22 20:28:27.963782,1605996000,Apa Benar Minum Kopi Bisa Bikin Tubuh Jadi Gemuk?
detikHealth,"Terakhir update : Minggu, 22 November 2020 19:28 WIB",https://health.detik.com/berita-detikhealth/d-5265466/terpopuler-hasil-tes-covid-19-erykah-badu-hidung-kiri-positif-kanan-negatif,2020-11-22 20:28:32.445473,1606045218,"Terpopuler: Hasil Tes COVID-19 Erykah Badu Hidung Kiri Positif, Kanan Negatif"
detikHealth,"Terakhir update : Minggu, 22 November 2020 19:28 WIB",https://health.detik.com/berita-detikhealth/d-5265389/puskesmas-bilang-sudah-sembuh-tes-covid-19-sendiri-kok-masih-positif,2020-11-22 20:28:32.514663,1606038886,"Puskesmas Bilang Sudah 'Sembuh', Tes COVID-19 Sendiri Kok Masih Positif?"
detikHealth,"Terakhir update : Minggu, 22 November 2020 19:28 WIB",https://health.detik.com/berita-detikhealth/d-5265277/sebaran-virus-corona-indonesia-22-november-4360-kasus-baru-1342-dari-dki,2020-11-22 20:28:32.587665,1606032768,"Sebaran Virus Corona Indonesia 22 November: 4.360 Kasus Baru, 1.342 dari DKI"
detikHealth,"Terakhir update : Minggu, 22 November 2020 19:28 WIB",https://health.detik.com/berita-detikhealth/d-5265330/terpopuler-sekolah-boleh-tatap-muka-mulai-2021-ini-protokol-terbarunya,2020-11-22 20:28:32.662987,1606035679,"Terpopuler: Sekolah Boleh Tatap Muka Mulai 2021, Ini Protokol Terbarunya"
detikHealth,"Terakhir update : Minggu, 22 November 2020 19:28 WIB",https://health.detik.com/berita-detikhealth/d-5265308/terpopuler-sepekan-bpom-ri-pastikan-vaksinasi-covid-19-tahun-ini-tertunda,2020-11-22 20:28:32.742235,1606034717,Terpopuler Sepekan: BPOM RI Pastikan Vaksinasi COVID-19 Tahun Ini Tertunda
detikHealth,"Terakhir update : Minggu, 22 November 2020 19:28 WIB",https://health.detik.com/berita-detikhealth/d-5265271/update-corona-indonesia-22-november-tambah-4360-total-497668-kasus,2020-11-22 20:28:32.825678,1606032155,"Update Corona Indonesia 22 November: Tambah 4.360, Total 497.668 Kasus"
detikHealth,"Terakhir update : Minggu, 22 November 2020 19:28 WIB",https://health.detik.com/berita-detikhealth/d-5265258/5-hal-yang-terbukti-bisa-memperpendek-umur,2020-11-22 20:28:32.908834,1606031107,5 Hal yang Terbukti Bisa Memperpendek Umur
detikHealth,"Terakhir update : Minggu, 22 November 2020 19:28 WIB",https://health.detik.com/berita-detikhealth/d-5265303/dokter-di-swiss-dorong-kelompok-rentan-covid-19-siapkan-pesan-terakhir,2020-11-22 20:28:32.996325,1606034106,Dokter di Swiss Dorong Kelompok Rentan COVID-19 Siapkan Pesan Terakhir
detikHealth,"Terakhir update : Minggu, 22 November 2020 19:28 WIB",https://health.detik.com/berita-detikhealth/d-5265128/kasus-baru-corona-dki-pecah-rekor-ini-riwayat-penambahan-sepekan-terakhir,2020-11-22 20:28:33.085184,1606023083,"Kasus Baru Corona DKI Pecah Rekor, Ini Riwayat Penambahan Sepekan Terakhir"
detikHealth,"Terakhir update : Minggu, 22 November 2020 19:28 WIB",https://health.detik.com/berita-detikhealth/d-5265361/vaksinolog-vaksin-corona-yang-dapat-izin-edar-bpom-terjamin-aman,2020-11-22 20:28:33.176283,1606037297,Vaksinolog: Vaksin Corona yang Dapat Izin Edar BPOM Terjamin Aman
detikHealth,"Terakhir update : Minggu, 22 November 2020 19:28 WIB",https://health.detik.com/berita-detikhealth/d-5265171/tes-pcr-hidung-kanan-kiri-hasilnya-beda-ini-5-hal-yang-mempengaruhi-akurasi,2020-11-22 20:28:33.269035,1606025092,Tes PCR Hidung Kanan-kiri Hasilnya Beda? Ini 5 Hal yang Mempengaruhi Akurasi
detikHealth,"Terakhir update : Minggu, 22 November 2020 19:28 WIB",https://health.detik.com/berita-detikhealth/d-5264975/kasusnya-meningkat-kondisi-fatal-ini-dipicu-kebiasaan-bawa-ponsel-saat-bab,2020-11-22 20:28:33.365349,1606014112,"Kasusnya Meningkat, Kondisi Fatal Ini Dipicu Kebiasaan Bawa Ponsel Saat BAB"
detikHealth,"Terakhir update : Minggu, 22 November 2020 19:28 WIB",https://health.detik.com/berita-detikhealth/d-5265040/es-kering-kini-banyak-dicari-untuk-hadapi-covid-19-apa-fungsinya,2020-11-22 20:28:33.462987,1606017913,"Es Kering Kini Banyak Dicari untuk Hadapi COVID-19, Apa Fungsinya?"
detikHealth,"Terakhir update : Minggu, 22 November 2020 19:28 WIB",https://health.detik.com/berita-detikhealth/d-5264939/swab-pcr-vs-swab-antigen-yang-dilakukan-lurah-petamburan-ini-bedanya,2020-11-22 20:28:33.563136,1606011329,"Swab PCR Vs Swab Antigen yang Dilakukan Lurah Petamburan, Ini Bedanya"
detikHealth,"Terakhir update : Minggu, 22 November 2020 19:28 WIB",https://health.detik.com/kebugaran/d-5264864/6-isyarat-jantung-kepayahan-segera-berhenti-jika-sedang-olahraga,2020-11-22 20:28:33.665340,1606006875,"6 Isyarat Jantung Kepayahan, Segera Berhenti Jika Sedang Olahraga!"
detikHealth,"Terakhir update : Minggu, 22 November 2020 19:28 WIB",https://health.detik.com/berita-detikhealth/d-5265003/ini-jenis-masker-kain-3-lapis-yang-direkomendasikan-dr-reisa,2020-11-22 20:28:33.771803,1606015283,Ini Jenis Masker Kain 3 Lapis yang Direkomendasikan dr Reisa
detikHealth,"Terakhir update : Minggu, 22 November 2020 19:28 WIB",https://health.detik.com/berita-detikhealth/d-5265086/gerard-pique-cedera-ini-4-jenis-cedera-lutut-yang-umum-terjadi,2020-11-22 20:28:33.878984,1606020462,"Gerard Pique Cedera, Ini 4 Jenis Cedera Lutut yang Umum Terjadi"
detikHealth,"Terakhir update : Minggu, 22 November 2020 19:28 WIB",https://health.detik.com/infografis/d-5264846/8-cara-alami-menurunkan-berat-badan,2020-11-22 20:28:33.991271,1606003218,8 Cara Alami Menurunkan Berat Badan
Wolipop,"Terakhir update : Minggu, 22 November 2020 19:28 WIB",https://wolipop.detik.com/foto-entertainment/d-5265236/rumah-rasa-mal-7-artis-indonesia-ini-punya-arena-khusus-bermain-sendiri,2020-11-22 20:28:38.128360,1606042812,"Rumah Rasa Mal, 7 Artis Indonesia Ini Punya Arena Khusus Bermain Sendiri"
Wolipop,"Terakhir update : Minggu, 22 November 2020 19:28 WIB",https://wolipop.detik.com/entertainment-news/d-5265315/mengenal-8-pemain-the-penthouse-drakor-yang-tiap-episodenya-bikin-geram,2020-11-22 20:28:38.205958,1606044609,"Mengenal 8 Pemain The Penthouse, Drakor yang Tiap Episodenya Bikin Geram"
Wolipop,"Terakhir update : Minggu, 22 November 2020 19:28 WIB",https://wolipop.detik.com/makeup-and-skincare/d-5265220/most-popular-sepekan-hasil-rontgen-sophia-latjuba-cantik-sampai-tengkorak,2020-11-22 20:28:38.284761,1606035635,"Most Popular Sepekan: Hasil Rontgen Sophia Latjuba, Cantik Sampai Tengkorak"
Wolipop,"Terakhir update : Minggu, 22 November 2020 19:28 WIB",https://wolipop.detik.com/entertainment-news/d-5265475/sinopsis-indiana-jones-and-the-temple-of-doom-dibintangi-harrison-ford-muda,2020-11-22 20:28:38.366027,1606046600,"Sinopsis Indiana Jones and the Temple of Doom, Dibintangi Harrison Ford Muda"
Wolipop,"Terakhir update : Minggu, 22 November 2020 19:28 WIB",https://wolipop.detik.com/entertainment-news/d-5265223/jual-foto-dan-video-kaki-wanita-seksi-ini-dapat-rp-141-juta-sebulan,2020-11-22 20:28:38.451414,1606037424,"Jual Foto dan Video Kaki, Wanita Seksi Ini Dapat Rp 141 Juta Sebulan"
Wolipop,"Terakhir update : Minggu, 22 November 2020 19:28 WIB",https://wolipop.detik.com/entertainment-news/d-5265319/sinopsis-overdrive-aksi-pencurian-mobil-mewah,2020-11-22 20:28:38.535165,1606039321,"Sinopsis Overdrive, Aksi Pencurian Mobil Mewah"
Wolipop,"Terakhir update : Minggu, 22 November 2020 19:28 WIB",https://wolipop.detik.com/wedding-news/d-5265212/perjalanan-cinta-denny-sumargo-hingga-mendadak-menikah,2020-11-22 20:28:38.622237,1606032015,Perjalanan Cinta Denny Sumargo Hingga Mendadak Menikah
Wolipop,"Terakhir update : Minggu, 22 November 2020 19:28 WIB",https://wolipop.detik.com/entertainment-news/d-5265203/song-hye-kyo-ulang-tahun-ke-39-disebut-tante-paling-cantik-di-dunia,2020-11-22 20:28:38.709874,1606026469,"Song Hye Kyo Ulang Tahun ke-39, Disebut Tante Paling Cantik di Dunia"
Wolipop,"Terakhir update : Minggu, 22 November 2020 19:28 WIB",https://wolipop.detik.com/love/d-5265204/ramalan-zodiak-cinta-22-november-gemini-jaga-sikap-libra-jangan-main-api,2020-11-22 20:28:38.802507,1606028427,"Ramalan Zodiak Cinta 22 November: Gemini Jaga Sikap, Libra Jangan Main Api"
Wolipop,"Terakhir update : Minggu, 22 November 2020 19:28 WIB",https://wolipop.detik.com/love/d-5264966/ramalan-zodiak-hari-ini-aries-pengeluaran-normal-taurus-kebutuhan-tercukupi,2020-11-22 20:28:38.896421,1606021232,"Ramalan Zodiak Hari Ini: Aries Pengeluaran Normal, Taurus Kebutuhan Tercukupi"
Wolipop,"Terakhir update : Minggu, 22 November 2020 19:28 WIB",https://wolipop.detik.com/foto-entertainment/d-5264870/8-foto-ratu-kecantikan-indonesia-yang-jadi-tentara-amerika,2020-11-22 20:28:38.994440,1606010440,8 Foto Ratu Kecantikan Indonesia yang Jadi Tentara Amerika
Wolipop,"Terakhir update : Minggu, 22 November 2020 19:28 WIB",https://wolipop.detik.com/entertainment-news/d-5264964/paris-hilton-klaim-jadi-pencipta-tren-foto-selfie-kata-netizen-bukan,2020-11-22 20:28:39.092223,1606017618,"Paris Hilton Klaim Jadi Pencipta Tren Foto Selfie, Kata Netizen: Bukan!"
Wolipop,"Terakhir update : Minggu, 22 November 2020 19:28 WIB",https://wolipop.detik.com/love/d-5264926/ramalan-zodiak-hari-ini-leo-tingkatkan-prestasi-kerja-libra-pantang-menyerah,2020-11-22 20:28:39.192688,1606013105,"Ramalan Zodiak Hari Ini: Leo Tingkatkan Prestasi Kerja, Libra Pantang Menyerah"
Wolipop,"Terakhir update : Minggu, 22 November 2020 19:28 WIB",https://wolipop.detik.com/entertainment-news/d-5264954/hilary-duff-ungkap-terpapar-covid-19-saat-hamil-anak-ketiga,2020-11-22 20:28:39.293278,1606014059,Hilary Duff Ungkap Terpapar COVID-19 saat Hamil Anak Ketiga
Wolipop,"Terakhir update : Minggu, 22 November 2020 19:28 WIB",https://wolipop.detik.com/health-and-diet/d-5264858/yuk-jaga-daya-tahan-tubuh-dengan-lakukan-8-kebiasaan-ini,2020-11-22 20:28:39.394906,1606006845,Yuk Jaga Daya Tahan Tubuh dengan Lakukan 8 Kebiasaan Ini
Wolipop,"Terakhir update : Minggu, 22 November 2020 19:28 WIB",https://wolipop.detik.com/entertainment-news/d-5264793/wanita-tuli-cetak-sejarah-di-miss-universe-colombia-2020-nyaris-menang,2020-11-22 20:28:39.495662,1606003204,"Wanita Tuli Cetak Sejarah di Miss Universe Colombia 2020, Nyaris Menang"
Wolipop,"Terakhir update : Minggu, 22 November 2020 19:28 WIB",https://wolipop.detik.com/fashion-news/d-5264692/lagi-tren-ini-rekomendasi-kaus-motif-tie-dye-yang-stylish,2020-11-22 20:28:39.600291,1606007153,"Lagi Tren, Ini Rekomendasi Kaus Motif Tie Dye yang Stylish"
Wolipop,"Terakhir update : Minggu, 22 November 2020 19:28 WIB",https://wolipop.detik.com/sex/d-5264699/ladies-jangan-lakukan-4-hal-ini-saat-oral-seks,2020-11-22 20:28:39.704695,1605969073,"Ladies, Jangan Lakukan 4 Hal Ini Saat Oral Seks"
